concept,context_id,period_start,period_end,instant_date,dimension_count,dimensions_json,unit,normalized_value,value_type,occurrence_count,unique_fact_ids,first_fact_number
us-gaap:NetIncomeLoss,i318d180bade84250ab5889b877c752f0_D20200101-20201231,2020-01-01,2020-12-31,,0,[],iso4217:USD,29146000000,numeric,4,4,149
us-gaap:NetIncomeLoss,i200b191ad76944bd8349bcd33dd299b0_D20210101-20211231,2021-01-01,2021-12-31,,0,[],iso4217:USD,39370000000,numeric,4,4,148
us-gaap:NetIncomeLoss,ibd1882f348764f108a3caaa3a66c21ea_D20220101-20221231,2022-01-01,2022-12-31,,0,[],iso4217:USD,23200000000,numeric,4,4,147
us-gaap:RevenueFromContractWithCustomerExcludingAssessedTax,i318d180bade84250ab5889b877c752f0_D20200101-20201231,2020-01-01,2020-12-31,,0,[],iso4217:USD,85965000000,numeric,4,4,119
us-gaap:RevenueFromContractWithCustomerExcludingAssessedTax,i200b191ad76944bd8349bcd33dd299b0_D20210101-20211231,2021-01-01,2021-12-31,,0,[],iso4217:USD,117929000000,numeric,4,4,118
us-gaap:RevenueFromContractWithCustomerExcludingAssessedTax,ibd1882f348764f108a3caaa3a66c21ea_D20220101-20221231,2022-01-01,2022-12-31,,0,[],iso4217:USD,116609000000,numeric,4,4,117
us-gaap:CashAndCashEquivalentsAtCarryingValue,i3f3338fa63ff4b9dbad011578a19788e_I20211231,,,2021-12-31,0,[],iso4217:USD,16601000000,numeric,3,3,361
us-gaap:CashAndCashEquivalentsAtCarryingValue,i06727f1e850f48839f9fbb5214dcd53a_I20221231,,,2022-12-31,0,[],iso4217:USD,14681000000,numeric,3,3,360
us-gaap:CashCashEquivalentsRestrictedCashAndRestrictedCashEquivalents,i79b1f291b4464366a3ae27427a952e8e_I20201231,,,2020-12-31,0,[],iso4217:USD,17954000000,numeric,3,3,355
us-gaap:CashCashEquivalentsRestrictedCashAndRestrictedCashEquivalents,i3f3338fa63ff4b9dbad011578a19788e_I20211231,,,2021-12-31,0,[],iso4217:USD,16865000000,numeric,3,3,354
dei:AuditorLocation,ibd1882f348764f108a3caaa3a66c21ea_D20220101-20221231,2022-01-01,2022-12-31,,0,[],,"San Mateo, California",text,2,2,44
dei:AuditorName,ibd1882f348764f108a3caaa3a66c21ea_D20220101-20221231,2022-01-01,2022-12-31,,0,[],,Ernst & Young LLP,text,2,2,43
meta:EquitySecuritiesWithoutReadilyDeterminableFairValueImpairmentAndDownwardPriceAdjustmentCurrentYearAmount,ibd1882f348764f108a3caaa3a66c21ea_D20220101-20221231,2022-01-01,2022-12-31,,0,[],iso4217:USD,447000000,numeric,2,2,408
meta:NonmarketableEquitySecuritiesCarryingValue,i3f3338fa63ff4b9dbad011578a19788e_I20211231,,,2021-12-31,0,[],iso4217:USD,6775000000,numeric,2,2,58
meta:NonmarketableEquitySecuritiesCarryingValue,i06727f1e850f48839f9fbb5214dcd53a_I20221231,,,2022-12-31,0,[],iso4217:USD,6201000000,numeric,2,2,57
us-gaap:AccruedLiabilitiesCurrent,i3f3338fa63ff4b9dbad011578a19788e_I20211231,,,2021-12-31,0,[],iso4217:USD,14873000000,numeric,2,2,1006
us-gaap:AccruedLiabilitiesCurrent,i06727f1e850f48839f9fbb5214dcd53a_I20221231,,,2022-12-31,0,[],iso4217:USD,19552000000,numeric,2,2,1005
us-gaap:CashCashEquivalentsRestrictedCashAndRestrictedCashEquivalents,i06727f1e850f48839f9fbb5214dcd53a_I20221231,,,2022-12-31,0,[],iso4217:USD,15596000000,numeric,2,2,357
us-gaap:CommonStockSharesAuthorized,i5f49b5815414463aa8b182fbe990589f_I20221231,,,2022-12-31,1,"[{""dimension"": ""us-gaap:StatementClassOfStockAxis"", ""member"": ""us-gaap:CommonClassBMember"", ""type"": ""explicitmember""}]",xbrli:shares,4141000000,numeric,2,2,1034
us-gaap:CommonStockSharesAuthorized,i9815f9752866468985aee0be1dbc597f_I20221231,,,2022-12-31,1,"[{""dimension"": ""us-gaap:StatementClassOfStockAxis"", ""member"": ""us-gaap:CommonClassAMember"", ""type"": ""explicitmember""}]",xbrli:shares,5000000000,numeric,2,2,1033
us-gaap:CommonStockSharesIssued,i5f49b5815414463aa8b182fbe990589f_I20221231,,,2022-12-31,1,"[{""dimension"": ""us-gaap:StatementClassOfStockAxis"", ""member"": ""us-gaap:CommonClassBMember"", ""type"": ""explicitmember""}]",xbrli:shares,367000000,numeric,2,2,101
us-gaap:CommonStockSharesIssued,i9815f9752866468985aee0be1dbc597f_I20221231,,,2022-12-31,1,"[{""dimension"": ""us-gaap:StatementClassOfStockAxis"", ""member"": ""us-gaap:CommonClassAMember"", ""type"": ""explicitmember""}]",xbrli:shares,2247000000,numeric,2,2,1040
us-gaap:CommonStockSharesOutstanding,i5f49b5815414463aa8b182fbe990589f_I20221231,,,2022-12-31,1,"[{""dimension"": ""us-gaap:StatementClassOfStockAxis"", ""member"": ""us-gaap:CommonClassBMember"", ""type"": ""explicitmember""}]",xbrli:shares,367000000,numeric,2,2,102
us-gaap:CommonStockSharesOutstanding,i9815f9752866468985aee0be1dbc597f_I20221231,,,2022-12-31,1,"[{""dimension"": ""us-gaap:StatementClassOfStockAxis"", ""member"": ""us-gaap:CommonClassAMember"", ""type"": ""explicitmember""}]",xbrli:shares,2247000000,numeric,2,2,1039
us-gaap:DebtInstrumentCarryingAmount,i06727f1e850f48839f9fbb5214dcd53a_I20221231,,,2022-12-31,0,[],iso4217:USD,10000000000,numeric,2,2,983
us-gaap:DebtSecuritiesAvailableForSaleExcludingAccruedInterest,i1058f1bbd5d34f9cb537892f9045ea79_I20211231,,,2021-12-31,1,"[{""dimension"": ""us-gaap:FinancialInstrumentAxis"", ""member"": ""us-gaap:USGovernmentAgenciesDebtSecuritiesMember"", ""type"": ""explicitmember""}]",iso4217:USD,5927000000,numeric,2,2,599
us-gaap:DebtSecuritiesAvailableForSaleExcludingAccruedInterest,i933647b35b9f4eb2849bb695d4cd623a_I20211231,,,2021-12-31,1,"[{""dimension"": ""us-gaap:FinancialInstrumentAxis"", ""member"": ""us-gaap:USGovernmentDebtSecuritiesMember"", ""type"": ""explicitmember""}]",iso4217:USD,10901000000,numeric,2,2,597
us-gaap:DebtSecuritiesAvailableForSaleExcludingAccruedInterest,ib5d9d2abdae949bd8485a454ebd49bf6_I20211231,,,2021-12-31,1,"[{""dimension"": ""us-gaap:FinancialInstrumentAxis"", ""member"": ""us-gaap:CorporateDebtSecuritiesMember"", ""type"": ""explicitmember""}]",iso4217:USD,14569000000,numeric,2,2,601
us-gaap:DebtSecuritiesAvailableForSaleExcludingAccruedInterest,i04197a88d0404f0cb77ac5e781f2dc5b_I20221231,,,2022-12-31,1,"[{""dimension"": ""us-gaap:FinancialInstrumentAxis"", ""member"": ""us-gaap:USGovernmentDebtSecuritiesMember"", ""type"": ""explicitmember""}]",iso4217:USD,8708000000,numeric,2,2,596
us-gaap:DebtSecuritiesAvailableForSaleExcludingAccruedInterest,i06727f1e850f48839f9fbb5214dcd53a_I20221231,,,2022-12-31,0,[],iso4217:USD,26032000000,numeric,2,2,602
us-gaap:DebtSecuritiesAvailableForSaleExcludingAccruedInterest,i49020a4333c44e35a67211fc20db63d7_I20221231,,,2022-12-31,1,"[{""dimension"": ""us-gaap:FinancialInstrumentAxis"", ""member"": ""us-gaap:USGovernmentAgenciesDebtSecuritiesMember"", ""type"": ""explicitmember""}]",iso4217:USD,4989000000,numeric,2,2,598
us-gaap:DebtSecuritiesAvailableForSaleExcludingAccruedInterest,i808ac5238209498daedbdd1088883767_I20221231,,,2022-12-31,1,"[{""dimension"": ""us-gaap:FinancialInstrumentAxis"", ""member"": ""us-gaap:CorporateDebtSecuritiesMember"", ""type"": ""explicitmember""}]",iso4217:USD,12335000000,numeric,2,2,600
us-gaap:EquitySecuritiesFvNi,i06727f1e850f48839f9fbb5214dcd53a_I20221231,,,2022-12-31,0,[],iso4217:USD,25000000,numeric,2,2,604
us-gaap:FinanceLeaseLiability,i06727f1e850f48839f9fbb5214dcd53a_I20221231,,,2022-12-31,0,[],iso4217:USD,687000000,numeric,2,2,853
us-gaap:FinanceLeasePrincipalPayments,i318d180bade84250ab5889b877c752f0_D20200101-20201231,2020-01-01,2020-12-31,,0,[],iso4217:USD,604000000,numeric,2,2,341
us-gaap:FinanceLeasePrincipalPayments,i200b191ad76944bd8349bcd33dd299b0_D20210101-20211231,2021-01-01,2021-12-31,,0,[],iso4217:USD,677000000,numeric,2,2,340
us-gaap:FinanceLeasePrincipalPayments,ibd1882f348764f108a3caaa3a66c21ea_D20220101-20221231,2022-01-01,2022-12-31,,0,[],iso4217:USD,850000000,numeric,2,2,339
us-gaap:FiniteLivedIntangibleAssetsAccumulatedAmortization,i3f3338fa63ff4b9dbad011578a19788e_I20211231,,,2021-12-31,0,[],iso4217:USD,2691000000,numeric,2,2,944
us-gaap:FiniteLivedIntangibleAssetsAccumulatedAmortization,i06727f1e850f48839f9fbb5214dcd53a_I20221231,,,2022-12-31,0,[],iso4217:USD,458000000,numeric,2,2,941
us-gaap:FiniteLivedIntangibleAssetsNet,i06727f1e850f48839f9fbb5214dcd53a_I20221231,,,2022-12-31,0,[],iso4217:USD,515000000,numeric,2,2,942
us-gaap:ForeignCurrencyTransactionGainLossBeforeTax,i318d180bade84250ab5889b877c752f0_D20200101-20201231,2020-01-01,2020-12-31,,0,[],iso4217:USD,-129000000,numeric,2,2,1081
us-gaap:ForeignCurrencyTransactionGainLossBeforeTax,i200b191ad76944bd8349bcd33dd299b0_D20210101-20211231,2021-01-01,2021-12-31,,0,[],iso4217:USD,-140000000,numeric,2,2,1080
us-gaap:ForeignCurrencyTransactionGainLossBeforeTax,ibd1882f348764f108a3caaa3a66c21ea_D20220101-20221231,2022-01-01,2022-12-31,,0,[],iso4217:USD,-81000000,numeric,2,2,1079
us-gaap:Goodwill,i3f3338fa63ff4b9dbad011578a19788e_I20211231,,,2021-12-31,0,[],iso4217:USD,19197000000,numeric,2,2,66
us-gaap:Goodwill,i06727f1e850f48839f9fbb5214dcd53a_I20221231,,,2022-12-31,0,[],iso4217:USD,20306000000,numeric,2,2,65
us-gaap:IncomeLossFromContinuingOperationsBeforeIncomeTaxesExtraordinaryItemsNoncontrollingInterest,i318d180bade84250ab5889b877c752f0_D20200101-20201231,2020-01-01,2020-12-31,,0,[],iso4217:USD,33180000000,numeric,2,2,1098
us-gaap:IncomeLossFromContinuingOperationsBeforeIncomeTaxesExtraordinaryItemsNoncontrollingInterest,i200b191ad76944bd8349bcd33dd299b0_D20210101-20211231,2021-01-01,2021-12-31,,0,[],iso4217:USD,47284000000,numeric,2,2,1097
us-gaap:IncomeLossFromContinuingOperationsBeforeIncomeTaxesExtraordinaryItemsNoncontrollingInterest,ibd1882f348764f108a3caaa3a66c21ea_D20220101-20221231,2022-01-01,2022-12-31,,0,[],iso4217:USD,28819000000,numeric,2,2,1096
us-gaap:IncomeTaxExpenseBenefit,i318d180bade84250ab5889b877c752f0_D20200101-20201231,2020-01-01,2020-12-31,,0,[],iso4217:USD,4034000000,numeric,2,2,1126
us-gaap:IncomeTaxExpenseBenefit,i200b191ad76944bd8349bcd33dd299b0_D20210101-20211231,2021-01-01,2021-12-31,,0,[],iso4217:USD,7914000000,numeric,2,2,1125
us-gaap:IncomeTaxExpenseBenefit,ibd1882f348764f108a3caaa3a66c21ea_D20220101-20221231,2022-01-01,2022-12-31,,0,[],iso4217:USD,5619000000,numeric,2,2,1124
us-gaap:IndefiniteLivedIntangibleAssetsExcludingGoodwill,i3f3338fa63ff4b9dbad011578a19788e_I20211231,,,2021-12-31,0,[],iso4217:USD,266000000,numeric,2,2,948
us-gaap:IndefiniteLivedIntangibleAssetsExcludingGoodwill,i06727f1e850f48839f9fbb5214dcd53a_I20221231,,,2022-12-31,0,[],iso4217:USD,382000000,numeric,2,2,946
us-gaap:IntangibleAssetsNetExcludingGoodwill,i3f3338fa63ff4b9dbad011578a19788e_I20211231,,,2021-12-31,0,[],iso4217:USD,634000000,numeric,2,2,64
us-gaap:IntangibleAssetsNetExcludingGoodwill,i06727f1e850f48839f9fbb5214dcd53a_I20221231,,,2022-12-31,0,[],iso4217:USD,897000000,numeric,2,2,63
us-gaap:LongTermDebtNoncurrent,i06727f1e850f48839f9fbb5214dcd53a_I20221231,,,2022-12-31,0,[],iso4217:USD,9923000000,numeric,2,2,83
us-gaap:LossContingencyNewClaimsFiledNumber,id1d9b548f3234816a231a60d3e0db612_D20180727-20180727,2018-07-27,2018-07-27,,0,[],meta:claim,,unparsed_numeric,2,2,1027
us-gaap:MarketableSecuritiesCurrent,i3f3338fa63ff4b9dbad011578a19788e_I20211231,,,2021-12-31,0,[],iso4217:USD,31397000000,numeric,2,2,50
us-gaap:MarketableSecuritiesCurrent,i06727f1e850f48839f9fbb5214dcd53a_I20221231,,,2022-12-31,0,[],iso4217:USD,26057000000,numeric,2,2,49
us-gaap:NetIncomeLoss,i1ff557f8d83e410186db659bade567e1_D20200101-20201231,2020-01-01,2020-12-31,,1,"[{""dimension"": ""us-gaap:StatementClassOfStockAxis"", ""member"": ""us-gaap:CommonClassAMember"", ""type"": ""explicitmember""}]",iso4217:USD,24607000000,numeric,2,2,512
us-gaap:NetIncomeLoss,i2063d5a947f04b499f3398b6aa7bb404_D20200101-20201231,2020-01-01,2020-12-31,,1,"[{""dimension"": ""us-gaap:StatementClassOfStockAxis"", ""member"": ""us-gaap:CommonClassBMember"", ""type"": ""explicitmember""}]",iso4217:USD,4539000000,numeric,2,2,513
us-gaap:NetIncomeLoss,i1fbc6a83f0b7453280a8339faa4e98fb_D20210101-20211231,2021-01-01,2021-12-31,,1,"[{""dimension"": ""us-gaap:StatementClassOfStockAxis"", ""member"": ""us-gaap:CommonClassBMember"", ""type"": ""explicitmember""}]",iso4217:USD,6042000000,numeric,2,2,511
us-gaap:NetIncomeLoss,i46de09af8b174ed18571c59a168042b3_D20210101-20211231,2021-01-01,2021-12-31,,1,"[{""dimension"": ""us-gaap:StatementClassOfStockAxis"", ""member"": ""us-gaap:CommonClassAMember"", ""type"": ""explicitmember""}]",iso4217:USD,33328000000,numeric,2,2,510
us-gaap:NetIncomeLoss,i470c8b035c144cb98ded49fdcde291ec_D20220101-20221231,2022-01-01,2022-12-31,,1,"[{""dimension"": ""us-gaap:StatementClassOfStockAxis"", ""member"": ""us-gaap:CommonClassAMember"", ""type"": ""explicitmember""}]",iso4217:USD,19729000000,numeric,2,2,508
us-gaap:NetIncomeLoss,i761b33558f524328b8c7268388196dbd_D20220101-20221231,2022-01-01,2022-12-31,,1,"[{""dimension"": ""us-gaap:StatementClassOfStockAxis"", ""member"": ""us-gaap:CommonClassBMember"", ""type"": ""explicitmember""}]",iso4217:USD,3471000000,numeric,2,2,509
us-gaap:NonoperatingIncomeExpense,i318d180bade84250ab5889b877c752f0_D20200101-20201231,2020-01-01,2020-12-31,,0,[],iso4217:USD,509000000,numeric,2,2,1087
us-gaap:NonoperatingIncomeExpense,i200b191ad76944bd8349bcd33dd299b0_D20210101-20211231,2021-01-01,2021-12-31,,0,[],iso4217:USD,531000000,numeric,2,2,1086
us-gaap:NonoperatingIncomeExpense,ibd1882f348764f108a3caaa3a66c21ea_D20220101-20221231,2022-01-01,2022-12-31,,0,[],iso4217:USD,-125000000,numeric,2,2,1085
us-gaap:NumberOfReportableSegments,ibd1882f348764f108a3caaa3a66c21ea_D20220101-20221231,2022-01-01,2022-12-31,,0,[],meta:segment,,unparsed_numeric,2,2,1221
us-gaap:OperatingIncomeLoss,i318d180bade84250ab5889b877c752f0_D20200101-20201231,2020-01-01,2020-12-31,,0,[],iso4217:USD,32671000000,numeric,2,2,1240
us-gaap:OperatingIncomeLoss,i200b191ad76944bd8349bcd33dd299b0_D20210101-20211231,2021-01-01,2021-12-31,,0,[],iso4217:USD,46753000000,numeric,2,2,1239
us-gaap:OperatingIncomeLoss,ibd1882f348764f108a3caaa3a66c21ea_D20220101-20221231,2022-01-01,2022-12-31,,0,[],iso4217:USD,28944000000,numeric,2,2,1238
us-gaap:OperatingLeaseLiability,i06727f1e850f48839f9fbb5214dcd53a_I20221231,,,2022-12-31,0,[],iso4217:USD,16668000000,numeric,2,2,852
us-gaap:OperatingLeaseLiabilityCurrent,i06727f1e850f48839f9fbb5214dcd53a_I20221231,,,2022-12-31,0,[],iso4217:USD,1367000000,numeric,2,2,75
us-gaap:OperatingLeaseLiabilityNoncurrent,i06727f1e850f48839f9fbb5214dcd53a_I20221231,,,2022-12-31,0,[],iso4217:USD,15301000000,numeric,2,2,81
us-gaap:OtherLiabilitiesNoncurrent,i3f3338fa63ff4b9dbad011578a19788e_I20211231,,,2021-12-31,0,[],iso4217:USD,7227000000,numeric,2,2,1013
us-gaap:OtherLiabilitiesNoncurrent,i06727f1e850f48839f9fbb5214dcd53a_I20221231,,,2022-12-31,0,[],iso4217:USD,7764000000,numeric,2,2,1012
us-gaap:PropertyPlantAndEquipmentAndFinanceLeaseRightOfUseAssetAfterAccumulatedDepreciationAndAmortization,i3f3338fa63ff4b9dbad011578a19788e_I20211231,,,2021-12-31,0,[],iso4217:USD,57809000000,numeric,2,2,60
us-gaap:PropertyPlantAndEquipmentAndFinanceLeaseRightOfUseAssetAfterAccumulatedDepreciationAndAmortization,i06727f1e850f48839f9fbb5214dcd53a_I20221231,,,2022-12-31,0,[],iso4217:USD,79518000000,numeric,2,2,59
us-gaap:RestrictedCashAndCashEquivalents,i06807751a6bf401f8fda17ff0879680c_I20211231,,,2021-12-31,1,"[{""dimension"": ""us-gaap:BalanceSheetLocationAxis"", ""member"": ""us-gaap:OtherAssetsMember"", ""type"": ""explicitmember""}]",iso4217:USD,115000000,numeric,2,2,367
us-gaap:RestrictedCashAndCashEquivalents,i2eb54a88b3ad4d0196fad74c992619fd_I20211231,,,2021-12-31,1,"[{""dimension"": ""us-gaap:BalanceSheetLocationAxis"", ""member"": ""us-gaap:PrepaidExpensesAndOtherCurrentAssetsMember"", ""type"": ""explicitmember""}]",iso4217:USD,149000000,numeric,2,2,364
us-gaap:RestrictedCashAndCashEquivalents,i11aa6c383f664162ae4a5f5fa2c256df_I20221231,,,2022-12-31,1,"[{""dimension"": ""us-gaap:BalanceSheetLocationAxis"", ""member"": ""us-gaap:PrepaidExpensesAndOtherCurrentAssetsMember"", ""type"": ""explicitmember""}]",iso4217:USD,294000000,numeric,2,2,363
us-gaap:RestrictedCashAndCashEquivalents,i1b07c3a0a6a54442bf24199373e679a6_I20221231,,,2022-12-31,1,"[{""dimension"": ""us-gaap:BalanceSheetLocationAxis"", ""member"": ""us-gaap:OtherAssetsMember"", ""type"": ""explicitmember""}]",iso4217:USD,621000000,numeric,2,2,366
us-gaap:RestructuringCharges,i0014fb027d864f6aa2dbd8cf75aa9b42_D20220101-20221231,2022-01-01,2022-12-31,,1,"[{""dimension"": ""us-gaap:RestructuringCostAndReserveAxis"", ""member"": ""meta:DataCenterAssetsMember"", ""type"": ""explicitmember""}]",iso4217:USD,1340000000.00,numeric,2,2,418
us-gaap:RevenueFromContractWithCustomerExcludingAssessedTax,ib15d3e73e4624287ba86da76ea8378e9_D20200101-20201231,2020-01-01,2020-12-31,,1,"[{""dimension"": ""us-gaap:StatementBusinessSegmentsAxis"", ""member"": ""meta:RealityLabsMember"", ""type"": ""explicitmember""}]",iso4217:USD,1139000000,numeric,2,2,1228
us-gaap:RevenueFromContractWithCustomerExcludingAssessedTax,ie198b8aec8b749ac9e27f35225965227_D20200101-20201231,2020-01-01,2020-12-31,,1,"[{""dimension"": ""us-gaap:StatementBusinessSegmentsAxis"", ""member"": ""meta:FamilyOfAppsMember"", ""type"": ""explicitmember""}]",iso4217:USD,84826000000,numeric,2,2,1225
us-gaap:RevenueFromContractWithCustomerExcludingAssessedTax,i516dd68b3bb74e7fa479632c915cadf9_D20210101-20211231,2021-01-01,2021-12-31,,1,"[{""dimension"": ""us-gaap:StatementBusinessSegmentsAxis"", ""member"": ""meta:RealityLabsMember"", ""type"": ""explicitmember""}]",iso4217:USD,2274000000,numeric,2,2,1227
us-gaap:RevenueFromContractWithCustomerExcludingAssessedTax,id8d8fb5ae9d74a41b2418ba83f4e59f3_D20210101-20211231,2021-01-01,2021-12-31,,1,"[{""dimension"": ""us-gaap:StatementBusinessSegmentsAxis"", ""member"": ""meta:FamilyOfAppsMember"", ""type"": ""explicitmember""}]",iso4217:USD,115655000000,numeric,2,2,1224
us-gaap:RevenueFromContractWithCustomerExcludingAssessedTax,i48a400bf05aa43c7856cf5276ae74a98_D20220101-20221231,2022-01-01,2022-12-31,,1,"[{""dimension"": ""us-gaap:StatementBusinessSegmentsAxis"", ""member"": ""meta:RealityLabsMember"", ""type"": ""explicitmember""}]",iso4217:USD,2159000000,numeric,2,2,1226
us-gaap:RevenueFromContractWithCustomerExcludingAssessedTax,i99516c72159e45e0820c88c458a4fd01_D20220101-20221231,2022-01-01,2022-12-31,,1,"[{""dimension"": ""us-gaap:StatementBusinessSegmentsAxis"", ""member"": ""meta:FamilyOfAppsMember"", ""type"": ""explicitmember""}]",iso4217:USD,114450000000,numeric,2,2,1223
us-gaap:StockholdersEquity,i3f3338fa63ff4b9dbad011578a19788e_I20211231,,,2021-12-31,0,[],iso4217:USD,124879000000,numeric,2,2,114
us-gaap:StockholdersEquity,i06727f1e850f48839f9fbb5214dcd53a_I20221231,,,2022-12-31,0,[],iso4217:USD,125713000000,numeric,2,2,113
us-gaap:UnrecognizedTaxBenefits,i79b1f291b4464366a3ae27427a952e8e_I20201231,,,2020-12-31,0,[],iso4217:USD,8692000000,numeric,2,2,1196
us-gaap:UnrecognizedTaxBenefits,i3f3338fa63ff4b9dbad011578a19788e_I20211231,,,2021-12-31,0,[],iso4217:USD,9807000000,numeric,2,2,1195
us-gaap:WeightedAverageNumberOfSharesOutstandingBasic,i1ff557f8d83e410186db659bade567e1_D20200101-20201231,2020-01-01,2020-12-31,,1,"[{""dimension"": ""us-gaap:StatementClassOfStockAxis"", ""member"": ""us-gaap:CommonClassAMember"", ""type"": ""explicitmember""}]",xbrli:shares,2407000000,numeric,2,2,518
us-gaap:WeightedAverageNumberOfSharesOutstandingBasic,i2063d5a947f04b499f3398b6aa7bb404_D20200101-20201231,2020-01-01,2020-12-31,,1,"[{""dimension"": ""us-gaap:StatementClassOfStockAxis"", ""member"": ""us-gaap:CommonClassBMember"", ""type"": ""explicitmember""}]",xbrli:shares,444000000,numeric,2,2,519
us-gaap:WeightedAverageNumberOfSharesOutstandingBasic,i1fbc6a83f0b7453280a8339faa4e98fb_D20210101-20211231,2021-01-01,2021-12-31,,1,"[{""dimension"": ""us-gaap:StatementClassOfStockAxis"", ""member"": ""us-gaap:CommonClassBMember"", ""type"": ""explicitmember""}]",xbrli:shares,432000000,numeric,2,2,517
us-gaap:WeightedAverageNumberOfSharesOutstandingBasic,i46de09af8b174ed18571c59a168042b3_D20210101-20211231,2021-01-01,2021-12-31,,1,"[{""dimension"": ""us-gaap:StatementClassOfStockAxis"", ""member"": ""us-gaap:CommonClassAMember"", ""type"": ""explicitmember""}]",xbrli:shares,2383000000,numeric,2,2,516
us-gaap:WeightedAverageNumberOfSharesOutstandingBasic,i470c8b035c144cb98ded49fdcde291ec_D20220101-20221231,2022-01-01,2022-12-31,,1,"[{""dimension"": ""us-gaap:StatementClassOfStockAxis"", ""member"": ""us-gaap:CommonClassAMember"", ""type"": ""explicitmember""}]",xbrli:shares,2285000000,numeric,2,2,514
us-gaap:WeightedAverageNumberOfSharesOutstandingBasic,i761b33558f524328b8c7268388196dbd_D20220101-20221231,2022-01-01,2022-12-31,,1,"[{""dimension"": ""us-gaap:StatementClassOfStockAxis"", ""member"": ""us-gaap:CommonClassBMember"", ""type"": ""explicitmember""}]",xbrli:shares,402000000,numeric,2,2,515
