report_date,filing_date,as_of_date,accession_number,source_file,fact_name,namespace,local_tag,context_ref,period_start,period_end,instant_date,has_dimensions,dimensions,unit_ref,unit_definition,raw_text,scale,sign,decimals,numeric_value,numeric_value_usd_billions,date_rule_passed
2020-05-31,2020-06-22,2021-04-01,0001564590-20-030125,C:\AI_Stock_Agent\data\sec_filings\ORCL\000156459020030125\orcl-10k_20200531.htm,us-gaap:CurrentFederalTaxExpenseBenefit,us-gaap,CurrentFederalTaxExpenseBenefit,C_0001341439_20170601_20180531,2017-06-01,2018-05-31,,False,,U_iso4217USD,iso4217:USD,"8,320",6,,-6,8320000000.0,8.32,True
2020-05-31,2020-06-22,2021-04-01,0001564590-20-030125,C:\AI_Stock_Agent\data\sec_filings\ORCL\000156459020030125\orcl-10k_20200531.htm,us-gaap:CurrentFederalTaxExpenseBenefit,us-gaap,CurrentFederalTaxExpenseBenefit,C_0001341439_20180601_20190531,2018-06-01,2019-05-31,,False,,U_iso4217USD,iso4217:USD,979,6,,-6,979000000.0,0.979,True
2020-05-31,2020-06-22,2021-04-01,0001564590-20-030125,C:\AI_Stock_Agent\data\sec_filings\ORCL\000156459020030125\orcl-10k_20200531.htm,us-gaap:CurrentFederalTaxExpenseBenefit,us-gaap,CurrentFederalTaxExpenseBenefit,C_0001341439_20190601_20200531,2019-06-01,2020-05-31,,False,,U_iso4217USD,iso4217:USD,"1,616",6,,-6,1616000000.0,1.616,True
2020-05-31,2020-06-22,2021-04-01,0001564590-20-030125,C:\AI_Stock_Agent\data\sec_filings\ORCL\000156459020030125\orcl-10k_20200531.htm,us-gaap:CurrentForeignTaxExpenseBenefit,us-gaap,CurrentForeignTaxExpenseBenefit,C_0001341439_20170601_20180531,2017-06-01,2018-05-31,,False,,U_iso4217USD,iso4217:USD,"1,100",6,,-6,1100000000.0,1.1,True
2020-05-31,2020-06-22,2021-04-01,0001564590-20-030125,C:\AI_Stock_Agent\data\sec_filings\ORCL\000156459020030125\orcl-10k_20200531.htm,us-gaap:CurrentForeignTaxExpenseBenefit,us-gaap,CurrentForeignTaxExpenseBenefit,C_0001341439_20180601_20190531,2018-06-01,2019-05-31,,False,,U_iso4217USD,iso4217:USD,"1,097",6,,-6,1097000000.0,1.097,True
2020-05-31,2020-06-22,2021-04-01,0001564590-20-030125,C:\AI_Stock_Agent\data\sec_filings\ORCL\000156459020030125\orcl-10k_20200531.htm,us-gaap:CurrentForeignTaxExpenseBenefit,us-gaap,CurrentForeignTaxExpenseBenefit,C_0001341439_20190601_20200531,2019-06-01,2020-05-31,,False,,U_iso4217USD,iso4217:USD,"1,144",6,,-6,1144000000.0,1.144,True
2020-05-31,2020-06-22,2021-04-01,0001564590-20-030125,C:\AI_Stock_Agent\data\sec_filings\ORCL\000156459020030125\orcl-10k_20200531.htm,us-gaap:CurrentIncomeTaxExpenseBenefit,us-gaap,CurrentIncomeTaxExpenseBenefit,C_0001341439_20170601_20180531,2017-06-01,2018-05-31,,False,,U_iso4217USD,iso4217:USD,"9,684",6,,-6,9684000000.0,9.684,True
2020-05-31,2020-06-22,2021-04-01,0001564590-20-030125,C:\AI_Stock_Agent\data\sec_filings\ORCL\000156459020030125\orcl-10k_20200531.htm,us-gaap:CurrentIncomeTaxExpenseBenefit,us-gaap,CurrentIncomeTaxExpenseBenefit,C_0001341439_20180601_20190531,2018-06-01,2019-05-31,,False,,U_iso4217USD,iso4217:USD,"2,376",6,,-6,2376000000.0,2.376,True
2020-05-31,2020-06-22,2021-04-01,0001564590-20-030125,C:\AI_Stock_Agent\data\sec_filings\ORCL\000156459020030125\orcl-10k_20200531.htm,us-gaap:CurrentIncomeTaxExpenseBenefit,us-gaap,CurrentIncomeTaxExpenseBenefit,C_0001341439_20190601_20200531,2019-06-01,2020-05-31,,False,,U_iso4217USD,iso4217:USD,"2,779",6,,-6,2779000000.0,2.779,True
2020-05-31,2020-06-22,2021-04-01,0001564590-20-030125,C:\AI_Stock_Agent\data\sec_filings\ORCL\000156459020030125\orcl-10k_20200531.htm,us-gaap:CurrentStateAndLocalTaxExpenseBenefit,us-gaap,CurrentStateAndLocalTaxExpenseBenefit,C_0001341439_20170601_20180531,2017-06-01,2018-05-31,,False,,U_iso4217USD,iso4217:USD,264,6,,-6,264000000.0,0.264,True
2020-05-31,2020-06-22,2021-04-01,0001564590-20-030125,C:\AI_Stock_Agent\data\sec_filings\ORCL\000156459020030125\orcl-10k_20200531.htm,us-gaap:CurrentStateAndLocalTaxExpenseBenefit,us-gaap,CurrentStateAndLocalTaxExpenseBenefit,C_0001341439_20180601_20190531,2018-06-01,2019-05-31,,False,,U_iso4217USD,iso4217:USD,300,6,,-6,300000000.0,0.3,True
2020-05-31,2020-06-22,2021-04-01,0001564590-20-030125,C:\AI_Stock_Agent\data\sec_filings\ORCL\000156459020030125\orcl-10k_20200531.htm,us-gaap:CurrentStateAndLocalTaxExpenseBenefit,us-gaap,CurrentStateAndLocalTaxExpenseBenefit,C_0001341439_20190601_20200531,2019-06-01,2020-05-31,,False,,U_iso4217USD,iso4217:USD,19,6,,-6,19000000.0,0.019,True
2020-05-31,2020-06-22,2021-04-01,0001564590-20-030125,C:\AI_Stock_Agent\data\sec_filings\ORCL\000156459020030125\orcl-10k_20200531.htm,us-gaap:DeferredFederalIncomeTaxExpenseBenefit,us-gaap,DeferredFederalIncomeTaxExpenseBenefit,C_0001341439_20170601_20180531,2017-06-01,2018-05-31,,False,,U_iso4217USD,iso4217:USD,827,6,-,-6,-827000000.0,-0.827,True
2020-05-31,2020-06-22,2021-04-01,0001564590-20-030125,C:\AI_Stock_Agent\data\sec_filings\ORCL\000156459020030125\orcl-10k_20200531.htm,us-gaap:DeferredFederalIncomeTaxExpenseBenefit,us-gaap,DeferredFederalIncomeTaxExpenseBenefit,C_0001341439_20180601_20190531,2018-06-01,2019-05-31,,False,,U_iso4217USD,iso4217:USD,483,6,,-6,483000000.0,0.483,True
2020-05-31,2020-06-22,2021-04-01,0001564590-20-030125,C:\AI_Stock_Agent\data\sec_filings\ORCL\000156459020030125\orcl-10k_20200531.htm,us-gaap:DeferredFederalIncomeTaxExpenseBenefit,us-gaap,DeferredFederalIncomeTaxExpenseBenefit,C_0001341439_20190601_20200531,2019-06-01,2020-05-31,,False,,U_iso4217USD,iso4217:USD,983,6,-,-6,-983000000.0,-0.983,True
2020-05-31,2020-06-22,2021-04-01,0001564590-20-030125,C:\AI_Stock_Agent\data\sec_filings\ORCL\000156459020030125\orcl-10k_20200531.htm,us-gaap:DeferredForeignIncomeTaxExpenseBenefit,us-gaap,DeferredForeignIncomeTaxExpenseBenefit,C_0001341439_20170601_20180531,2017-06-01,2018-05-31,,False,,U_iso4217USD,iso4217:USD,6,6,,-6,6000000.0,0.006,True
2020-05-31,2020-06-22,2021-04-01,0001564590-20-030125,C:\AI_Stock_Agent\data\sec_filings\ORCL\000156459020030125\orcl-10k_20200531.htm,us-gaap:DeferredForeignIncomeTaxExpenseBenefit,us-gaap,DeferredForeignIncomeTaxExpenseBenefit,C_0001341439_20180601_20190531,2018-06-01,2019-05-31,,False,,U_iso4217USD,iso4217:USD,"1,646",6,-,-6,-1646000000.0,-1.646,True
2020-05-31,2020-06-22,2021-04-01,0001564590-20-030125,C:\AI_Stock_Agent\data\sec_filings\ORCL\000156459020030125\orcl-10k_20200531.htm,us-gaap:DeferredForeignIncomeTaxExpenseBenefit,us-gaap,DeferredForeignIncomeTaxExpenseBenefit,C_0001341439_20190601_20200531,2019-06-01,2020-05-31,,False,,U_iso4217USD,iso4217:USD,82,6,,-6,82000000.0,0.082,True
2020-05-31,2020-06-22,2021-04-01,0001564590-20-030125,C:\AI_Stock_Agent\data\sec_filings\ORCL\000156459020030125\orcl-10k_20200531.htm,us-gaap:DeferredIncomeTaxExpenseBenefit,us-gaap,DeferredIncomeTaxExpenseBenefit,C_0001341439_20170601_20180531,2017-06-01,2018-05-31,,False,,U_iso4217USD,iso4217:USD,847,6,-,-6,-847000000.0,-0.847,True
2020-05-31,2020-06-22,2021-04-01,0001564590-20-030125,C:\AI_Stock_Agent\data\sec_filings\ORCL\000156459020030125\orcl-10k_20200531.htm,us-gaap:DeferredIncomeTaxExpenseBenefit,us-gaap,DeferredIncomeTaxExpenseBenefit,C_0001341439_20170601_20180531,2017-06-01,2018-05-31,,False,,U_iso4217USD,iso4217:USD,847,6,-,-6,-847000000.0,-0.847,True
2020-05-31,2020-06-22,2021-04-01,0001564590-20-030125,C:\AI_Stock_Agent\data\sec_filings\ORCL\000156459020030125\orcl-10k_20200531.htm,us-gaap:DeferredIncomeTaxExpenseBenefit,us-gaap,DeferredIncomeTaxExpenseBenefit,C_0001341439_20180601_20190531,2018-06-01,2019-05-31,,False,,U_iso4217USD,iso4217:USD,"1,191",6,-,-6,-1191000000.0,-1.191,True
2020-05-31,2020-06-22,2021-04-01,0001564590-20-030125,C:\AI_Stock_Agent\data\sec_filings\ORCL\000156459020030125\orcl-10k_20200531.htm,us-gaap:DeferredIncomeTaxExpenseBenefit,us-gaap,DeferredIncomeTaxExpenseBenefit,C_0001341439_20180601_20190531,2018-06-01,2019-05-31,,False,,U_iso4217USD,iso4217:USD,"1,191",6,-,-6,-1191000000.0,-1.191,True
2020-05-31,2020-06-22,2021-04-01,0001564590-20-030125,C:\AI_Stock_Agent\data\sec_filings\ORCL\000156459020030125\orcl-10k_20200531.htm,us-gaap:DeferredIncomeTaxExpenseBenefit,us-gaap,DeferredIncomeTaxExpenseBenefit,C_0001341439_20190601_20200531,2019-06-01,2020-05-31,,False,,U_iso4217USD,iso4217:USD,851,6,-,-6,-851000000.0,-0.851,True
2020-05-31,2020-06-22,2021-04-01,0001564590-20-030125,C:\AI_Stock_Agent\data\sec_filings\ORCL\000156459020030125\orcl-10k_20200531.htm,us-gaap:DeferredIncomeTaxExpenseBenefit,us-gaap,DeferredIncomeTaxExpenseBenefit,C_0001341439_20190601_20200531,2019-06-01,2020-05-31,,False,,U_iso4217USD,iso4217:USD,851,6,-,-6,-851000000.0,-0.851,True
2020-05-31,2020-06-22,2021-04-01,0001564590-20-030125,C:\AI_Stock_Agent\data\sec_filings\ORCL\000156459020030125\orcl-10k_20200531.htm,us-gaap:DeferredStateAndLocalIncomeTaxExpenseBenefit,us-gaap,DeferredStateAndLocalIncomeTaxExpenseBenefit,C_0001341439_20170601_20180531,2017-06-01,2018-05-31,,False,,U_iso4217USD,iso4217:USD,26,6,-,-6,-26000000.0,-0.026,True
2020-05-31,2020-06-22,2021-04-01,0001564590-20-030125,C:\AI_Stock_Agent\data\sec_filings\ORCL\000156459020030125\orcl-10k_20200531.htm,us-gaap:DeferredStateAndLocalIncomeTaxExpenseBenefit,us-gaap,DeferredStateAndLocalIncomeTaxExpenseBenefit,C_0001341439_20180601_20190531,2018-06-01,2019-05-31,,False,,U_iso4217USD,iso4217:USD,28,6,-,-6,-28000000.0,-0.028,True
2020-05-31,2020-06-22,2021-04-01,0001564590-20-030125,C:\AI_Stock_Agent\data\sec_filings\ORCL\000156459020030125\orcl-10k_20200531.htm,us-gaap:DeferredStateAndLocalIncomeTaxExpenseBenefit,us-gaap,DeferredStateAndLocalIncomeTaxExpenseBenefit,C_0001341439_20190601_20200531,2019-06-01,2020-05-31,,False,,U_iso4217USD,iso4217:USD,50,6,,-6,50000000.0,0.05,True
2020-05-31,2020-06-22,2021-04-01,0001564590-20-030125,C:\AI_Stock_Agent\data\sec_filings\ORCL\000156459020030125\orcl-10k_20200531.htm,us-gaap:DeferredTaxExpenseFromStockOptionsExercised,us-gaap,DeferredTaxExpenseFromStockOptionsExercised,C_0001341439_20170601_20180531,2017-06-01,2018-05-31,,False,,U_iso4217USD,iso4217:USD,860,6,,-6,860000000.0,0.86,True
2020-05-31,2020-06-22,2021-04-01,0001564590-20-030125,C:\AI_Stock_Agent\data\sec_filings\ORCL\000156459020030125\orcl-10k_20200531.htm,us-gaap:DeferredTaxExpenseFromStockOptionsExercised,us-gaap,DeferredTaxExpenseFromStockOptionsExercised,C_0001341439_20180601_20190531,2018-06-01,2019-05-31,,False,,U_iso4217USD,iso4217:USD,692,6,,-6,692000000.0,0.692,True
2020-05-31,2020-06-22,2021-04-01,0001564590-20-030125,C:\AI_Stock_Agent\data\sec_filings\ORCL\000156459020030125\orcl-10k_20200531.htm,us-gaap:DeferredTaxExpenseFromStockOptionsExercised,us-gaap,DeferredTaxExpenseFromStockOptionsExercised,C_0001341439_20190601_20200531,2019-06-01,2020-05-31,,False,,U_iso4217USD,iso4217:USD,638,6,,-6,638000000.0,0.638,True
2020-05-31,2020-06-22,2021-04-01,0001564590-20-030125,C:\AI_Stock_Agent\data\sec_filings\ORCL\000156459020030125\orcl-10k_20200531.htm,us-gaap:ForeignCurrencyTransactionGainLossBeforeTax,us-gaap,ForeignCurrencyTransactionGainLossBeforeTax,C_0001341439_20170601_20180531,2017-06-01,2018-05-31,,False,,U_iso4217USD,iso4217:USD,74,6,-,-6,-74000000.0,-0.074,True
2020-05-31,2020-06-22,2021-04-01,0001564590-20-030125,C:\AI_Stock_Agent\data\sec_filings\ORCL\000156459020030125\orcl-10k_20200531.htm,us-gaap:ForeignCurrencyTransactionGainLossBeforeTax,us-gaap,ForeignCurrencyTransactionGainLossBeforeTax,C_0001341439_20170601_20180531,2017-06-01,2018-05-31,,False,,U_iso4217USD,iso4217:USD,74,6,-,-6,-74000000.0,-0.074,True
2020-05-31,2020-06-22,2021-04-01,0001564590-20-030125,C:\AI_Stock_Agent\data\sec_filings\ORCL\000156459020030125\orcl-10k_20200531.htm,us-gaap:ForeignCurrencyTransactionGainLossBeforeTax,us-gaap,ForeignCurrencyTransactionGainLossBeforeTax,C_0001341439_20180601_20190531,2018-06-01,2019-05-31,,False,,U_iso4217USD,iso4217:USD,111,6,-,-6,-111000000.0,-0.111,True
2020-05-31,2020-06-22,2021-04-01,0001564590-20-030125,C:\AI_Stock_Agent\data\sec_filings\ORCL\000156459020030125\orcl-10k_20200531.htm,us-gaap:ForeignCurrencyTransactionGainLossBeforeTax,us-gaap,ForeignCurrencyTransactionGainLossBeforeTax,C_0001341439_20180601_20190531,2018-06-01,2019-05-31,,False,,U_iso4217USD,iso4217:USD,111,6,-,-6,-111000000.0,-0.111,True
2020-05-31,2020-06-22,2021-04-01,0001564590-20-030125,C:\AI_Stock_Agent\data\sec_filings\ORCL\000156459020030125\orcl-10k_20200531.htm,us-gaap:ForeignCurrencyTransactionGainLossBeforeTax,us-gaap,ForeignCurrencyTransactionGainLossBeforeTax,C_0001341439_20190601_20200531,2019-06-01,2020-05-31,,False,,U_iso4217USD,iso4217:USD,185,6,-,-6,-185000000.0,-0.185,True
2020-05-31,2020-06-22,2021-04-01,0001564590-20-030125,C:\AI_Stock_Agent\data\sec_filings\ORCL\000156459020030125\orcl-10k_20200531.htm,us-gaap:ForeignCurrencyTransactionGainLossBeforeTax,us-gaap,ForeignCurrencyTransactionGainLossBeforeTax,C_0001341439_20190601_20200531,2019-06-01,2020-05-31,,False,,U_iso4217USD,iso4217:USD,185,6,-,-6,-185000000.0,-0.185,True
2020-05-31,2020-06-22,2021-04-01,0001564590-20-030125,C:\AI_Stock_Agent\data\sec_filings\ORCL\000156459020030125\orcl-10k_20200531.htm,us-gaap:GainLossOnDerivativeInstrumentsNetPretax,us-gaap,GainLossOnDerivativeInstrumentsNetPretax,C_0001341439_us-gaapIncomeStatementLocationAxis_us-gaapInterestExpenseMember_20170601_20180531,2017-06-01,2018-05-31,,True,us-gaap:IncomeStatementLocationAxis=us-gaap:InterestExpenseMember,U_iso4217USD,iso4217:USD,—,,,-6,,,True
2020-05-31,2020-06-22,2021-04-01,0001564590-20-030125,C:\AI_Stock_Agent\data\sec_filings\ORCL\000156459020030125\orcl-10k_20200531.htm,us-gaap:GainLossOnDerivativeInstrumentsNetPretax,us-gaap,GainLossOnDerivativeInstrumentsNetPretax,C_0001341439_us-gaapIncomeStatementLocationAxis_us-gaapNonoperatingIncomeExpenseMember_20170601_20180531,2017-06-01,2018-05-31,,True,us-gaap:IncomeStatementLocationAxis=us-gaap:NonoperatingIncomeExpenseMember,U_iso4217USD,iso4217:USD,51,6,,-6,51000000.0,0.051,True
2020-05-31,2020-06-22,2021-04-01,0001564590-20-030125,C:\AI_Stock_Agent\data\sec_filings\ORCL\000156459020030125\orcl-10k_20200531.htm,us-gaap:GainLossOnDerivativeInstrumentsNetPretax,us-gaap,GainLossOnDerivativeInstrumentsNetPretax,C_0001341439_us-gaapIncomeStatementLocationAxis_us-gaapInterestExpenseMember_20180601_20190531,2018-06-01,2019-05-31,,True,us-gaap:IncomeStatementLocationAxis=us-gaap:InterestExpenseMember,U_iso4217USD,iso4217:USD,—,,,-6,,,True
2020-05-31,2020-06-22,2021-04-01,0001564590-20-030125,C:\AI_Stock_Agent\data\sec_filings\ORCL\000156459020030125\orcl-10k_20200531.htm,us-gaap:GainLossOnDerivativeInstrumentsNetPretax,us-gaap,GainLossOnDerivativeInstrumentsNetPretax,C_0001341439_us-gaapIncomeStatementLocationAxis_us-gaapNonoperatingIncomeExpenseMember_20180601_20190531,2018-06-01,2019-05-31,,True,us-gaap:IncomeStatementLocationAxis=us-gaap:NonoperatingIncomeExpenseMember,U_iso4217USD,iso4217:USD,53,6,-,-6,-53000000.0,-0.053,True
2020-05-31,2020-06-22,2021-04-01,0001564590-20-030125,C:\AI_Stock_Agent\data\sec_filings\ORCL\000156459020030125\orcl-10k_20200531.htm,us-gaap:GainLossOnDerivativeInstrumentsNetPretax,us-gaap,GainLossOnDerivativeInstrumentsNetPretax,C_0001341439_us-gaapIncomeStatementLocationAxis_us-gaapInterestExpenseMember_20190601_20200531,2019-06-01,2020-05-31,,True,us-gaap:IncomeStatementLocationAxis=us-gaap:InterestExpenseMember,U_iso4217USD,iso4217:USD,—,,,-6,,,True
2020-05-31,2020-06-22,2021-04-01,0001564590-20-030125,C:\AI_Stock_Agent\data\sec_filings\ORCL\000156459020030125\orcl-10k_20200531.htm,us-gaap:GainLossOnDerivativeInstrumentsNetPretax,us-gaap,GainLossOnDerivativeInstrumentsNetPretax,C_0001341439_us-gaapIncomeStatementLocationAxis_us-gaapNonoperatingIncomeExpenseMember_20190601_20200531,2019-06-01,2020-05-31,,True,us-gaap:IncomeStatementLocationAxis=us-gaap:NonoperatingIncomeExpenseMember,U_iso4217USD,iso4217:USD,25,6,-,-6,-25000000.0,-0.025,True
2020-05-31,2020-06-22,2021-04-01,0001564590-20-030125,C:\AI_Stock_Agent\data\sec_filings\ORCL\000156459020030125\orcl-10k_20200531.htm,orcl:IncomeLossFromContinuingOperationsAfterNoncontrollingInterestBeforeIncomeTaxes,orcl,IncomeLossFromContinuingOperationsAfterNoncontrollingInterestBeforeIncomeTaxes,C_0001341439_20170601_20180531,2017-06-01,2018-05-31,,False,,U_iso4217USD,iso4217:USD,"12,424",6,,-6,12424000000.0,12.424,True
2020-05-31,2020-06-22,2021-04-01,0001564590-20-030125,C:\AI_Stock_Agent\data\sec_filings\ORCL\000156459020030125\orcl-10k_20200531.htm,orcl:IncomeLossFromContinuingOperationsAfterNoncontrollingInterestBeforeIncomeTaxes,orcl,IncomeLossFromContinuingOperationsAfterNoncontrollingInterestBeforeIncomeTaxes,C_0001341439_20180601_20190531,2018-06-01,2019-05-31,,False,,U_iso4217USD,iso4217:USD,"12,268",6,,-6,12268000000.0,12.268,True
2020-05-31,2020-06-22,2021-04-01,0001564590-20-030125,C:\AI_Stock_Agent\data\sec_filings\ORCL\000156459020030125\orcl-10k_20200531.htm,orcl:IncomeLossFromContinuingOperationsAfterNoncontrollingInterestBeforeIncomeTaxes,orcl,IncomeLossFromContinuingOperationsAfterNoncontrollingInterestBeforeIncomeTaxes,C_0001341439_20190601_20200531,2019-06-01,2020-05-31,,False,,U_iso4217USD,iso4217:USD,"12,063",6,,-6,12063000000.0,12.063,True
2020-05-31,2020-06-22,2021-04-01,0001564590-20-030125,C:\AI_Stock_Agent\data\sec_filings\ORCL\000156459020030125\orcl-10k_20200531.htm,us-gaap:IncomeLossFromContinuingOperationsBeforeIncomeTaxesDomestic,us-gaap,IncomeLossFromContinuingOperationsBeforeIncomeTaxesDomestic,C_0001341439_20170601_20180531,2017-06-01,2018-05-31,,False,,U_iso4217USD,iso4217:USD,"3,366",6,,-6,3366000000.0,3.366,True
2020-05-31,2020-06-22,2021-04-01,0001564590-20-030125,C:\AI_Stock_Agent\data\sec_filings\ORCL\000156459020030125\orcl-10k_20200531.htm,us-gaap:IncomeLossFromContinuingOperationsBeforeIncomeTaxesDomestic,us-gaap,IncomeLossFromContinuingOperationsBeforeIncomeTaxesDomestic,C_0001341439_20180601_20190531,2018-06-01,2019-05-31,,False,,U_iso4217USD,iso4217:USD,"3,774",6,,-6,3774000000.0,3.774,True
2020-05-31,2020-06-22,2021-04-01,0001564590-20-030125,C:\AI_Stock_Agent\data\sec_filings\ORCL\000156459020030125\orcl-10k_20200531.htm,us-gaap:IncomeLossFromContinuingOperationsBeforeIncomeTaxesDomestic,us-gaap,IncomeLossFromContinuingOperationsBeforeIncomeTaxesDomestic,C_0001341439_20190601_20200531,2019-06-01,2020-05-31,,False,,U_iso4217USD,iso4217:USD,"3,890",6,,-6,3890000000.0,3.89,True
2020-05-31,2020-06-22,2021-04-01,0001564590-20-030125,C:\AI_Stock_Agent\data\sec_filings\ORCL\000156459020030125\orcl-10k_20200531.htm,us-gaap:IncomeLossFromContinuingOperationsBeforeIncomeTaxesForeign,us-gaap,IncomeLossFromContinuingOperationsBeforeIncomeTaxesForeign,C_0001341439_20170601_20180531,2017-06-01,2018-05-31,,False,,U_iso4217USD,iso4217:USD,"9,058",6,,-6,9058000000.0,9.058,True
2020-05-31,2020-06-22,2021-04-01,0001564590-20-030125,C:\AI_Stock_Agent\data\sec_filings\ORCL\000156459020030125\orcl-10k_20200531.htm,us-gaap:IncomeLossFromContinuingOperationsBeforeIncomeTaxesForeign,us-gaap,IncomeLossFromContinuingOperationsBeforeIncomeTaxesForeign,C_0001341439_20180601_20190531,2018-06-01,2019-05-31,,False,,U_iso4217USD,iso4217:USD,"8,494",6,,-6,8494000000.0,8.494,True
2020-05-31,2020-06-22,2021-04-01,0001564590-20-030125,C:\AI_Stock_Agent\data\sec_filings\ORCL\000156459020030125\orcl-10k_20200531.htm,us-gaap:IncomeLossFromContinuingOperationsBeforeIncomeTaxesForeign,us-gaap,IncomeLossFromContinuingOperationsBeforeIncomeTaxesForeign,C_0001341439_20190601_20200531,2019-06-01,2020-05-31,,False,,U_iso4217USD,iso4217:USD,"8,173",6,,-6,8173000000.0,8.173,True
2020-05-31,2020-06-22,2021-04-01,0001564590-20-030125,C:\AI_Stock_Agent\data\sec_filings\ORCL\000156459020030125\orcl-10k_20200531.htm,orcl:IncomeLossFromContinuingOperationsIncludingNoncontrollingInterestBeforeIncomeTaxesExtraordinaryItems,orcl,IncomeLossFromContinuingOperationsIncludingNoncontrollingInterestBeforeIncomeTaxesExtraordinaryItems,C_0001341439_20170601_20180531,2017-06-01,2018-05-31,,False,,U_iso4217USD,iso4217:USD,"12,424",6,,-6,12424000000.0,12.424,True
2020-05-31,2020-06-22,2021-04-01,0001564590-20-030125,C:\AI_Stock_Agent\data\sec_filings\ORCL\000156459020030125\orcl-10k_20200531.htm,orcl:IncomeLossFromContinuingOperationsIncludingNoncontrollingInterestBeforeIncomeTaxesExtraordinaryItems,orcl,IncomeLossFromContinuingOperationsIncludingNoncontrollingInterestBeforeIncomeTaxesExtraordinaryItems,C_0001341439_20170601_20180531,2017-06-01,2018-05-31,,False,,U_iso4217USD,iso4217:USD,"12,424",6,,-6,12424000000.0,12.424,True
2020-05-31,2020-06-22,2021-04-01,0001564590-20-030125,C:\AI_Stock_Agent\data\sec_filings\ORCL\000156459020030125\orcl-10k_20200531.htm,orcl:IncomeLossFromContinuingOperationsIncludingNoncontrollingInterestBeforeIncomeTaxesExtraordinaryItems,orcl,IncomeLossFromContinuingOperationsIncludingNoncontrollingInterestBeforeIncomeTaxesExtraordinaryItems,C_0001341439_20180601_20190531,2018-06-01,2019-05-31,,False,,U_iso4217USD,iso4217:USD,"12,268",6,,-6,12268000000.0,12.268,True
2020-05-31,2020-06-22,2021-04-01,0001564590-20-030125,C:\AI_Stock_Agent\data\sec_filings\ORCL\000156459020030125\orcl-10k_20200531.htm,orcl:IncomeLossFromContinuingOperationsIncludingNoncontrollingInterestBeforeIncomeTaxesExtraordinaryItems,orcl,IncomeLossFromContinuingOperationsIncludingNoncontrollingInterestBeforeIncomeTaxesExtraordinaryItems,C_0001341439_20180601_20190531,2018-06-01,2019-05-31,,False,,U_iso4217USD,iso4217:USD,"12,268",6,,-6,12268000000.0,12.268,True
2020-05-31,2020-06-22,2021-04-01,0001564590-20-030125,C:\AI_Stock_Agent\data\sec_filings\ORCL\000156459020030125\orcl-10k_20200531.htm,orcl:IncomeLossFromContinuingOperationsIncludingNoncontrollingInterestBeforeIncomeTaxesExtraordinaryItems,orcl,IncomeLossFromContinuingOperationsIncludingNoncontrollingInterestBeforeIncomeTaxesExtraordinaryItems,C_0001341439_20190601_20200531,2019-06-01,2020-05-31,,False,,U_iso4217USD,iso4217:USD,"12,063",6,,-6,12063000000.0,12.063,True
2020-05-31,2020-06-22,2021-04-01,0001564590-20-030125,C:\AI_Stock_Agent\data\sec_filings\ORCL\000156459020030125\orcl-10k_20200531.htm,orcl:IncomeLossFromContinuingOperationsIncludingNoncontrollingInterestBeforeIncomeTaxesExtraordinaryItems,orcl,IncomeLossFromContinuingOperationsIncludingNoncontrollingInterestBeforeIncomeTaxesExtraordinaryItems,C_0001341439_20190601_20200531,2019-06-01,2020-05-31,,False,,U_iso4217USD,iso4217:USD,"12,063",6,,-6,12063000000.0,12.063,True
2020-05-31,2020-06-22,2021-04-01,0001564590-20-030125,C:\AI_Stock_Agent\data\sec_filings\ORCL\000156459020030125\orcl-10k_20200531.htm,us-gaap:IncomeTaxExpenseBenefit,us-gaap,IncomeTaxExpenseBenefit,C_0001341439_20170601_20180531,2017-06-01,2018-05-31,,False,,U_iso4217USD,iso4217:USD,"8,837",6,,-6,8837000000.0,8.837,True
2020-05-31,2020-06-22,2021-04-01,0001564590-20-030125,C:\AI_Stock_Agent\data\sec_filings\ORCL\000156459020030125\orcl-10k_20200531.htm,us-gaap:IncomeTaxExpenseBenefit,us-gaap,IncomeTaxExpenseBenefit,C_0001341439_20170601_20180531,2017-06-01,2018-05-31,,False,,U_iso4217USD,iso4217:USD,"8,837",6,,-6,8837000000.0,8.837,True
2020-05-31,2020-06-22,2021-04-01,0001564590-20-030125,C:\AI_Stock_Agent\data\sec_filings\ORCL\000156459020030125\orcl-10k_20200531.htm,us-gaap:IncomeTaxExpenseBenefit,us-gaap,IncomeTaxExpenseBenefit,C_0001341439_20170601_20180531,2017-06-01,2018-05-31,,False,,U_iso4217USD,iso4217:USD,"8,837",6,,-6,8837000000.0,8.837,True
2020-05-31,2020-06-22,2021-04-01,0001564590-20-030125,C:\AI_Stock_Agent\data\sec_filings\ORCL\000156459020030125\orcl-10k_20200531.htm,us-gaap:IncomeTaxExpenseBenefit,us-gaap,IncomeTaxExpenseBenefit,C_0001341439_20180601_20190531,2018-06-01,2019-05-31,,False,,U_iso4217USD,iso4217:USD,"1,185",6,,-6,1185000000.0,1.185,True
2020-05-31,2020-06-22,2021-04-01,0001564590-20-030125,C:\AI_Stock_Agent\data\sec_filings\ORCL\000156459020030125\orcl-10k_20200531.htm,us-gaap:IncomeTaxExpenseBenefit,us-gaap,IncomeTaxExpenseBenefit,C_0001341439_20180601_20190531,2018-06-01,2019-05-31,,False,,U_iso4217USD,iso4217:USD,"1,185",6,,-6,1185000000.0,1.185,True
2020-05-31,2020-06-22,2021-04-01,0001564590-20-030125,C:\AI_Stock_Agent\data\sec_filings\ORCL\000156459020030125\orcl-10k_20200531.htm,us-gaap:IncomeTaxExpenseBenefit,us-gaap,IncomeTaxExpenseBenefit,C_0001341439_20180601_20190531,2018-06-01,2019-05-31,,False,,U_iso4217USD,iso4217:USD,"1,185",6,,-6,1185000000.0,1.185,True
2020-05-31,2020-06-22,2021-04-01,0001564590-20-030125,C:\AI_Stock_Agent\data\sec_filings\ORCL\000156459020030125\orcl-10k_20200531.htm,us-gaap:IncomeTaxExpenseBenefit,us-gaap,IncomeTaxExpenseBenefit,C_0001341439_20190601_20200531,2019-06-01,2020-05-31,,False,,U_iso4217USD,iso4217:USD,"1,928",6,,-6,1928000000.0,1.928,True
2020-05-31,2020-06-22,2021-04-01,0001564590-20-030125,C:\AI_Stock_Agent\data\sec_filings\ORCL\000156459020030125\orcl-10k_20200531.htm,us-gaap:IncomeTaxExpenseBenefit,us-gaap,IncomeTaxExpenseBenefit,C_0001341439_20190601_20200531,2019-06-01,2020-05-31,,False,,U_iso4217USD,iso4217:USD,"1,928",6,,-6,1928000000.0,1.928,True
2020-05-31,2020-06-22,2021-04-01,0001564590-20-030125,C:\AI_Stock_Agent\data\sec_filings\ORCL\000156459020030125\orcl-10k_20200531.htm,us-gaap:IncomeTaxExpenseBenefit,us-gaap,IncomeTaxExpenseBenefit,C_0001341439_20190601_20200531,2019-06-01,2020-05-31,,False,,U_iso4217USD,iso4217:USD,"1,928",6,,-6,1928000000.0,1.928,True
2020-05-31,2020-06-22,2021-04-01,0001564590-20-030125,C:\AI_Stock_Agent\data\sec_filings\ORCL\000156459020030125\orcl-10k_20200531.htm,us-gaap:IncomeTaxReconciliationIncomeTaxExpenseBenefitAtFederalStatutoryIncomeTaxRate,us-gaap,IncomeTaxReconciliationIncomeTaxExpenseBenefitAtFederalStatutoryIncomeTaxRate,C_0001341439_20170601_20180531,2017-06-01,2018-05-31,,False,,U_iso4217USD,iso4217:USD,"3,629",6,,-6,3629000000.0,3.629,True
2020-05-31,2020-06-22,2021-04-01,0001564590-20-030125,C:\AI_Stock_Agent\data\sec_filings\ORCL\000156459020030125\orcl-10k_20200531.htm,us-gaap:IncomeTaxReconciliationIncomeTaxExpenseBenefitAtFederalStatutoryIncomeTaxRate,us-gaap,IncomeTaxReconciliationIncomeTaxExpenseBenefitAtFederalStatutoryIncomeTaxRate,C_0001341439_20180601_20190531,2018-06-01,2019-05-31,,False,,U_iso4217USD,iso4217:USD,"2,576",6,,-6,2576000000.0,2.576,True
2020-05-31,2020-06-22,2021-04-01,0001564590-20-030125,C:\AI_Stock_Agent\data\sec_filings\ORCL\000156459020030125\orcl-10k_20200531.htm,us-gaap:IncomeTaxReconciliationIncomeTaxExpenseBenefitAtFederalStatutoryIncomeTaxRate,us-gaap,IncomeTaxReconciliationIncomeTaxExpenseBenefitAtFederalStatutoryIncomeTaxRate,C_0001341439_20190601_20200531,2019-06-01,2020-05-31,,False,,U_iso4217USD,iso4217:USD,"2,533",6,,-6,2533000000.0,2.533,True
2020-05-31,2020-06-22,2021-04-01,0001564590-20-030125,C:\AI_Stock_Agent\data\sec_filings\ORCL\000156459020030125\orcl-10k_20200531.htm,orcl:NonOperatingIncomeExpenseAttributableToMinorityInterest,orcl,NonOperatingIncomeExpenseAttributableToMinorityInterest,C_0001341439_20170601_20180531,2017-06-01,2018-05-31,,False,,U_iso4217USD,iso4217:USD,135,6,,-6,135000000.0,0.135,True
2020-05-31,2020-06-22,2021-04-01,0001564590-20-030125,C:\AI_Stock_Agent\data\sec_filings\ORCL\000156459020030125\orcl-10k_20200531.htm,orcl:NonOperatingIncomeExpenseAttributableToMinorityInterest,orcl,NonOperatingIncomeExpenseAttributableToMinorityInterest,C_0001341439_20180601_20190531,2018-06-01,2019-05-31,,False,,U_iso4217USD,iso4217:USD,152,6,,-6,152000000.0,0.152,True
2020-05-31,2020-06-22,2021-04-01,0001564590-20-030125,C:\AI_Stock_Agent\data\sec_filings\ORCL\000156459020030125\orcl-10k_20200531.htm,orcl:NonOperatingIncomeExpenseAttributableToMinorityInterest,orcl,NonOperatingIncomeExpenseAttributableToMinorityInterest,C_0001341439_20190601_20200531,2019-06-01,2020-05-31,,False,,U_iso4217USD,iso4217:USD,164,6,,-6,164000000.0,0.164,True
2020-05-31,2020-06-22,2021-04-01,0001564590-20-030125,C:\AI_Stock_Agent\data\sec_filings\ORCL\000156459020030125\orcl-10k_20200531.htm,orcl:NonoperatingIncomeExpenseIncludingEliminationOfNetIncomeLossAttributableToNoncontrollingInterests,orcl,NonoperatingIncomeExpenseIncludingEliminationOfNetIncomeLossAttributableToNoncontrollingInterests,C_0001341439_20170601_20180531,2017-06-01,2018-05-31,,False,,U_iso4217USD,iso4217:USD,"1,185",6,,-6,1185000000.0,1.185,True
2020-05-31,2020-06-22,2021-04-01,0001564590-20-030125,C:\AI_Stock_Agent\data\sec_filings\ORCL\000156459020030125\orcl-10k_20200531.htm,orcl:NonoperatingIncomeExpenseIncludingEliminationOfNetIncomeLossAttributableToNoncontrollingInterests,orcl,NonoperatingIncomeExpenseIncludingEliminationOfNetIncomeLossAttributableToNoncontrollingInterests,C_0001341439_20170601_20180531,2017-06-01,2018-05-31,,False,,U_iso4217USD,iso4217:USD,"1,185",6,,-6,1185000000.0,1.185,True
2020-05-31,2020-06-22,2021-04-01,0001564590-20-030125,C:\AI_Stock_Agent\data\sec_filings\ORCL\000156459020030125\orcl-10k_20200531.htm,orcl:NonoperatingIncomeExpenseIncludingEliminationOfNetIncomeLossAttributableToNoncontrollingInterests,orcl,NonoperatingIncomeExpenseIncludingEliminationOfNetIncomeLossAttributableToNoncontrollingInterests,C_0001341439_20170601_20180531,2017-06-01,2018-05-31,,False,,U_iso4217USD,iso4217:USD,"1,185",6,,-6,1185000000.0,1.185,True
2020-05-31,2020-06-22,2021-04-01,0001564590-20-030125,C:\AI_Stock_Agent\data\sec_filings\ORCL\000156459020030125\orcl-10k_20200531.htm,orcl:NonoperatingIncomeExpenseIncludingEliminationOfNetIncomeLossAttributableToNoncontrollingInterests,orcl,NonoperatingIncomeExpenseIncludingEliminationOfNetIncomeLossAttributableToNoncontrollingInterests,C_0001341439_us-gaapIncomeStatementLocationAxis_us-gaapNonoperatingIncomeExpenseMember_20170601_20180531,2017-06-01,2018-05-31,,True,us-gaap:IncomeStatementLocationAxis=us-gaap:NonoperatingIncomeExpenseMember,U_iso4217USD,iso4217:USD,"1,185",6,,-6,1185000000.0,1.185,True
2020-05-31,2020-06-22,2021-04-01,0001564590-20-030125,C:\AI_Stock_Agent\data\sec_filings\ORCL\000156459020030125\orcl-10k_20200531.htm,orcl:NonoperatingIncomeExpenseIncludingEliminationOfNetIncomeLossAttributableToNoncontrollingInterests,orcl,NonoperatingIncomeExpenseIncludingEliminationOfNetIncomeLossAttributableToNoncontrollingInterests,C_0001341439_20180601_20190531,2018-06-01,2019-05-31,,False,,U_iso4217USD,iso4217:USD,815,6,,-6,815000000.0,0.815,True
2020-05-31,2020-06-22,2021-04-01,0001564590-20-030125,C:\AI_Stock_Agent\data\sec_filings\ORCL\000156459020030125\orcl-10k_20200531.htm,orcl:NonoperatingIncomeExpenseIncludingEliminationOfNetIncomeLossAttributableToNoncontrollingInterests,orcl,NonoperatingIncomeExpenseIncludingEliminationOfNetIncomeLossAttributableToNoncontrollingInterests,C_0001341439_20180601_20190531,2018-06-01,2019-05-31,,False,,U_iso4217USD,iso4217:USD,815,6,,-6,815000000.0,0.815,True
2020-05-31,2020-06-22,2021-04-01,0001564590-20-030125,C:\AI_Stock_Agent\data\sec_filings\ORCL\000156459020030125\orcl-10k_20200531.htm,orcl:NonoperatingIncomeExpenseIncludingEliminationOfNetIncomeLossAttributableToNoncontrollingInterests,orcl,NonoperatingIncomeExpenseIncludingEliminationOfNetIncomeLossAttributableToNoncontrollingInterests,C_0001341439_20180601_20190531,2018-06-01,2019-05-31,,False,,U_iso4217USD,iso4217:USD,815,6,,-6,815000000.0,0.815,True
2020-05-31,2020-06-22,2021-04-01,0001564590-20-030125,C:\AI_Stock_Agent\data\sec_filings\ORCL\000156459020030125\orcl-10k_20200531.htm,orcl:NonoperatingIncomeExpenseIncludingEliminationOfNetIncomeLossAttributableToNoncontrollingInterests,orcl,NonoperatingIncomeExpenseIncludingEliminationOfNetIncomeLossAttributableToNoncontrollingInterests,C_0001341439_us-gaapIncomeStatementLocationAxis_us-gaapNonoperatingIncomeExpenseMember_20180601_20190531,2018-06-01,2019-05-31,,True,us-gaap:IncomeStatementLocationAxis=us-gaap:NonoperatingIncomeExpenseMember,U_iso4217USD,iso4217:USD,815,6,,-6,815000000.0,0.815,True
2020-05-31,2020-06-22,2021-04-01,0001564590-20-030125,C:\AI_Stock_Agent\data\sec_filings\ORCL\000156459020030125\orcl-10k_20200531.htm,orcl:NonoperatingIncomeExpenseIncludingEliminationOfNetIncomeLossAttributableToNoncontrollingInterests,orcl,NonoperatingIncomeExpenseIncludingEliminationOfNetIncomeLossAttributableToNoncontrollingInterests,C_0001341439_20190601_20200531,2019-06-01,2020-05-31,,False,,U_iso4217USD,iso4217:USD,162,6,,-6,162000000.0,0.162,True
2020-05-31,2020-06-22,2021-04-01,0001564590-20-030125,C:\AI_Stock_Agent\data\sec_filings\ORCL\000156459020030125\orcl-10k_20200531.htm,orcl:NonoperatingIncomeExpenseIncludingEliminationOfNetIncomeLossAttributableToNoncontrollingInterests,orcl,NonoperatingIncomeExpenseIncludingEliminationOfNetIncomeLossAttributableToNoncontrollingInterests,C_0001341439_20190601_20200531,2019-06-01,2020-05-31,,False,,U_iso4217USD,iso4217:USD,162,6,,-6,162000000.0,0.162,True
2020-05-31,2020-06-22,2021-04-01,0001564590-20-030125,C:\AI_Stock_Agent\data\sec_filings\ORCL\000156459020030125\orcl-10k_20200531.htm,orcl:NonoperatingIncomeExpenseIncludingEliminationOfNetIncomeLossAttributableToNoncontrollingInterests,orcl,NonoperatingIncomeExpenseIncludingEliminationOfNetIncomeLossAttributableToNoncontrollingInterests,C_0001341439_20190601_20200531,2019-06-01,2020-05-31,,False,,U_iso4217USD,iso4217:USD,162,6,,-6,162000000.0,0.162,True
2020-05-31,2020-06-22,2021-04-01,0001564590-20-030125,C:\AI_Stock_Agent\data\sec_filings\ORCL\000156459020030125\orcl-10k_20200531.htm,orcl:NonoperatingIncomeExpenseIncludingEliminationOfNetIncomeLossAttributableToNoncontrollingInterests,orcl,NonoperatingIncomeExpenseIncludingEliminationOfNetIncomeLossAttributableToNoncontrollingInterests,C_0001341439_us-gaapIncomeStatementLocationAxis_us-gaapNonoperatingIncomeExpenseMember_20190601_20200531,2019-06-01,2020-05-31,,True,us-gaap:IncomeStatementLocationAxis=us-gaap:NonoperatingIncomeExpenseMember,U_iso4217USD,iso4217:USD,162,6,,-6,162000000.0,0.162,True
2020-05-31,2020-06-22,2021-04-01,0001564590-20-030125,C:\AI_Stock_Agent\data\sec_filings\ORCL\000156459020030125\orcl-10k_20200531.htm,us-gaap:OperatingIncomeLoss,us-gaap,OperatingIncomeLoss,C_0001341439_20170601_20180531,2017-06-01,2018-05-31,,False,,U_iso4217USD,iso4217:USD,"13,264",6,,-6,13264000000.0,13.264,True
2020-05-31,2020-06-22,2021-04-01,0001564590-20-030125,C:\AI_Stock_Agent\data\sec_filings\ORCL\000156459020030125\orcl-10k_20200531.htm,us-gaap:OperatingIncomeLoss,us-gaap,OperatingIncomeLoss,C_0001341439_srtConsolidationItemsAxis_us-gaapOperatingSegmentsMember_20170601_20180531,2017-06-01,2018-05-31,,True,srt:ConsolidationItemsAxis=us-gaap:OperatingSegmentsMember,U_iso4217USD,iso4217:USD,"23,857",6,,-6,23857000000.0,23.857,True
2020-05-31,2020-06-22,2021-04-01,0001564590-20-030125,C:\AI_Stock_Agent\data\sec_filings\ORCL\000156459020030125\orcl-10k_20200531.htm,us-gaap:OperatingIncomeLoss,us-gaap,OperatingIncomeLoss,C_0001341439_srtConsolidationItemsAxis_us-gaapOperatingSegmentsMember_20170601_20180531,2017-06-01,2018-05-31,,True,srt:ConsolidationItemsAxis=us-gaap:OperatingSegmentsMember,U_iso4217USD,iso4217:USD,"23,857",6,,-6,23857000000.0,23.857,True
2020-05-31,2020-06-22,2021-04-01,0001564590-20-030125,C:\AI_Stock_Agent\data\sec_filings\ORCL\000156459020030125\orcl-10k_20200531.htm,us-gaap:OperatingIncomeLoss,us-gaap,OperatingIncomeLoss,C_0001341439_srtConsolidationItemsAxis_us-gaapOperatingSegmentsMember_us-gaapStatementBusinessSegmentsAxis_orclCloudAndLicenseBusinessMember_20170601_20180531,2017-06-01,2018-05-31,,True,srt:ConsolidationItemsAxis=us-gaap:OperatingSegmentsMember | us-gaap:StatementBusinessSegmentsAxis=orcl:CloudAndLicenseBusinessMember,U_iso4217USD,iso4217:USD,"21,387",6,,-6,21387000000.0,21.387,True
2020-05-31,2020-06-22,2021-04-01,0001564590-20-030125,C:\AI_Stock_Agent\data\sec_filings\ORCL\000156459020030125\orcl-10k_20200531.htm,us-gaap:OperatingIncomeLoss,us-gaap,OperatingIncomeLoss,C_0001341439_srtConsolidationItemsAxis_us-gaapOperatingSegmentsMember_us-gaapStatementBusinessSegmentsAxis_orclHardwareBusinessMember_20170601_20180531,2017-06-01,2018-05-31,,True,srt:ConsolidationItemsAxis=us-gaap:OperatingSegmentsMember | us-gaap:StatementBusinessSegmentsAxis=orcl:HardwareBusinessMember,U_iso4217USD,iso4217:USD,"1,804",6,,-6,1804000000.0,1.804,True
2020-05-31,2020-06-22,2021-04-01,0001564590-20-030125,C:\AI_Stock_Agent\data\sec_filings\ORCL\000156459020030125\orcl-10k_20200531.htm,us-gaap:OperatingIncomeLoss,us-gaap,OperatingIncomeLoss,C_0001341439_srtConsolidationItemsAxis_us-gaapOperatingSegmentsMember_us-gaapStatementBusinessSegmentsAxis_orclServicesBusinessMember_20170601_20180531,2017-06-01,2018-05-31,,True,srt:ConsolidationItemsAxis=us-gaap:OperatingSegmentsMember | us-gaap:StatementBusinessSegmentsAxis=orcl:ServicesBusinessMember,U_iso4217USD,iso4217:USD,666,6,,-6,666000000.0,0.666,True
2020-05-31,2020-06-22,2021-04-01,0001564590-20-030125,C:\AI_Stock_Agent\data\sec_filings\ORCL\000156459020030125\orcl-10k_20200531.htm,us-gaap:OperatingIncomeLoss,us-gaap,OperatingIncomeLoss,C_0001341439_20180601_20190531,2018-06-01,2019-05-31,,False,,U_iso4217USD,iso4217:USD,"13,535",6,,-6,13535000000.0,13.535,True
2020-05-31,2020-06-22,2021-04-01,0001564590-20-030125,C:\AI_Stock_Agent\data\sec_filings\ORCL\000156459020030125\orcl-10k_20200531.htm,us-gaap:OperatingIncomeLoss,us-gaap,OperatingIncomeLoss,C_0001341439_srtConsolidationItemsAxis_us-gaapOperatingSegmentsMember_20180601_20190531,2018-06-01,2019-05-31,,True,srt:ConsolidationItemsAxis=us-gaap:OperatingSegmentsMember,U_iso4217USD,iso4217:USD,"23,981",6,,-6,23981000000.0,23.981,True
2020-05-31,2020-06-22,2021-04-01,0001564590-20-030125,C:\AI_Stock_Agent\data\sec_filings\ORCL\000156459020030125\orcl-10k_20200531.htm,us-gaap:OperatingIncomeLoss,us-gaap,OperatingIncomeLoss,C_0001341439_srtConsolidationItemsAxis_us-gaapOperatingSegmentsMember_20180601_20190531,2018-06-01,2019-05-31,,True,srt:ConsolidationItemsAxis=us-gaap:OperatingSegmentsMember,U_iso4217USD,iso4217:USD,"23,981",6,,-6,23981000000.0,23.981,True
2020-05-31,2020-06-22,2021-04-01,0001564590-20-030125,C:\AI_Stock_Agent\data\sec_filings\ORCL\000156459020030125\orcl-10k_20200531.htm,us-gaap:OperatingIncomeLoss,us-gaap,OperatingIncomeLoss,C_0001341439_srtConsolidationItemsAxis_us-gaapOperatingSegmentsMember_us-gaapStatementBusinessSegmentsAxis_orclCloudAndLicenseBusinessMember_20180601_20190531,2018-06-01,2019-05-31,,True,srt:ConsolidationItemsAxis=us-gaap:OperatingSegmentsMember | us-gaap:StatementBusinessSegmentsAxis=orcl:CloudAndLicenseBusinessMember,U_iso4217USD,iso4217:USD,"21,587",6,,-6,21587000000.0,21.587,True
2020-05-31,2020-06-22,2021-04-01,0001564590-20-030125,C:\AI_Stock_Agent\data\sec_filings\ORCL\000156459020030125\orcl-10k_20200531.htm,us-gaap:OperatingIncomeLoss,us-gaap,OperatingIncomeLoss,C_0001341439_srtConsolidationItemsAxis_us-gaapOperatingSegmentsMember_us-gaapStatementBusinessSegmentsAxis_orclHardwareBusinessMember_20180601_20190531,2018-06-01,2019-05-31,,True,srt:ConsolidationItemsAxis=us-gaap:OperatingSegmentsMember | us-gaap:StatementBusinessSegmentsAxis=orcl:HardwareBusinessMember,U_iso4217USD,iso4217:USD,"1,857",6,,-6,1857000000.0,1.857,True
2020-05-31,2020-06-22,2021-04-01,0001564590-20-030125,C:\AI_Stock_Agent\data\sec_filings\ORCL\000156459020030125\orcl-10k_20200531.htm,us-gaap:OperatingIncomeLoss,us-gaap,OperatingIncomeLoss,C_0001341439_srtConsolidationItemsAxis_us-gaapOperatingSegmentsMember_us-gaapStatementBusinessSegmentsAxis_orclServicesBusinessMember_20180601_20190531,2018-06-01,2019-05-31,,True,srt:ConsolidationItemsAxis=us-gaap:OperatingSegmentsMember | us-gaap:StatementBusinessSegmentsAxis=orcl:ServicesBusinessMember,U_iso4217USD,iso4217:USD,537,6,,-6,537000000.0,0.537,True
2020-05-31,2020-06-22,2021-04-01,0001564590-20-030125,C:\AI_Stock_Agent\data\sec_filings\ORCL\000156459020030125\orcl-10k_20200531.htm,us-gaap:OperatingIncomeLoss,us-gaap,OperatingIncomeLoss,C_0001341439_20190601_20200531,2019-06-01,2020-05-31,,False,,U_iso4217USD,iso4217:USD,"13,896",6,,-6,13896000000.0,13.896,True
2020-05-31,2020-06-22,2021-04-01,0001564590-20-030125,C:\AI_Stock_Agent\data\sec_filings\ORCL\000156459020030125\orcl-10k_20200531.htm,us-gaap:OperatingIncomeLoss,us-gaap,OperatingIncomeLoss,C_0001341439_srtConsolidationItemsAxis_us-gaapOperatingSegmentsMember_20190601_20200531,2019-06-01,2020-05-31,,True,srt:ConsolidationItemsAxis=us-gaap:OperatingSegmentsMember,U_iso4217USD,iso4217:USD,"23,914",6,,-6,23914000000.0,23.914,True
2020-05-31,2020-06-22,2021-04-01,0001564590-20-030125,C:\AI_Stock_Agent\data\sec_filings\ORCL\000156459020030125\orcl-10k_20200531.htm,us-gaap:OperatingIncomeLoss,us-gaap,OperatingIncomeLoss,C_0001341439_srtConsolidationItemsAxis_us-gaapOperatingSegmentsMember_20190601_20200531,2019-06-01,2020-05-31,,True,srt:ConsolidationItemsAxis=us-gaap:OperatingSegmentsMember,U_iso4217USD,iso4217:USD,"23,914",6,,-6,23914000000.0,23.914,True
2020-05-31,2020-06-22,2021-04-01,0001564590-20-030125,C:\AI_Stock_Agent\data\sec_filings\ORCL\000156459020030125\orcl-10k_20200531.htm,us-gaap:OperatingIncomeLoss,us-gaap,OperatingIncomeLoss,C_0001341439_srtConsolidationItemsAxis_us-gaapOperatingSegmentsMember_us-gaapStatementBusinessSegmentsAxis_orclCloudAndLicenseBusinessMember_20190601_20200531,2019-06-01,2020-05-31,,True,srt:ConsolidationItemsAxis=us-gaap:OperatingSegmentsMember | us-gaap:StatementBusinessSegmentsAxis=orcl:CloudAndLicenseBusinessMember,U_iso4217USD,iso4217:USD,"21,561",6,,-6,21561000000.0,21.561,True
2020-05-31,2020-06-22,2021-04-01,0001564590-20-030125,C:\AI_Stock_Agent\data\sec_filings\ORCL\000156459020030125\orcl-10k_20200531.htm,us-gaap:OperatingIncomeLoss,us-gaap,OperatingIncomeLoss,C_0001341439_srtConsolidationItemsAxis_us-gaapOperatingSegmentsMember_us-gaapStatementBusinessSegmentsAxis_orclHardwareBusinessMember_20190601_20200531,2019-06-01,2020-05-31,,True,srt:ConsolidationItemsAxis=us-gaap:OperatingSegmentsMember | us-gaap:StatementBusinessSegmentsAxis=orcl:HardwareBusinessMember,U_iso4217USD,iso4217:USD,"1,903",6,,-6,1903000000.0,1.903,True
2020-05-31,2020-06-22,2021-04-01,0001564590-20-030125,C:\AI_Stock_Agent\data\sec_filings\ORCL\000156459020030125\orcl-10k_20200531.htm,us-gaap:OperatingIncomeLoss,us-gaap,OperatingIncomeLoss,C_0001341439_srtConsolidationItemsAxis_us-gaapOperatingSegmentsMember_us-gaapStatementBusinessSegmentsAxis_orclServicesBusinessMember_20190601_20200531,2019-06-01,2020-05-31,,True,srt:ConsolidationItemsAxis=us-gaap:OperatingSegmentsMember | us-gaap:StatementBusinessSegmentsAxis=orcl:ServicesBusinessMember,U_iso4217USD,iso4217:USD,450,6,,-6,450000000.0,0.45,True
2020-05-31,2020-06-22,2021-04-01,0001564590-20-030125,C:\AI_Stock_Agent\data\sec_filings\ORCL\000156459020030125\orcl-10k_20200531.htm,us-gaap:OtherComprehensiveIncomeLossCashFlowHedgeGainLossAfterReclassificationBeforeTax,us-gaap,OtherComprehensiveIncomeLossCashFlowHedgeGainLossAfterReclassificationBeforeTax,C_0001341439_us-gaapDerivativeInstrumentRiskAxis_orclCrossCurrencySwapAgreementsMember_us-gaapDerivativeInstrumentsGainLossByHedgingRelationshipAxis_us-gaapCashFlowHedgingMember_20170601_20180531,2017-06-01,2018-05-31,,True,us-gaap:DerivativeInstrumentsGainLossByHedgingRelationshipAxis=us-gaap:CashFlowHedgingMember | us-gaap:DerivativeInstrumentRiskAxis=orcl:CrossCurrencySwapAgreementsMember,U_iso4217USD,iso4217:USD,88,6,,-6,88000000.0,0.088,True
2020-05-31,2020-06-22,2021-04-01,0001564590-20-030125,C:\AI_Stock_Agent\data\sec_filings\ORCL\000156459020030125\orcl-10k_20200531.htm,us-gaap:OtherComprehensiveIncomeLossCashFlowHedgeGainLossAfterReclassificationBeforeTax,us-gaap,OtherComprehensiveIncomeLossCashFlowHedgeGainLossAfterReclassificationBeforeTax,C_0001341439_us-gaapDerivativeInstrumentRiskAxis_orclCrossCurrencySwapAgreementsMember_us-gaapDerivativeInstrumentsGainLossByHedgingRelationshipAxis_us-gaapCashFlowHedgingMember_20180601_20190531,2018-06-01,2019-05-31,,True,us-gaap:DerivativeInstrumentsGainLossByHedgingRelationshipAxis=us-gaap:CashFlowHedgingMember | us-gaap:DerivativeInstrumentRiskAxis=orcl:CrossCurrencySwapAgreementsMember,U_iso4217USD,iso4217:USD,105,6,-,-6,-105000000.0,-0.105,True
2020-05-31,2020-06-22,2021-04-01,0001564590-20-030125,C:\AI_Stock_Agent\data\sec_filings\ORCL\000156459020030125\orcl-10k_20200531.htm,us-gaap:OtherComprehensiveIncomeLossCashFlowHedgeGainLossAfterReclassificationBeforeTax,us-gaap,OtherComprehensiveIncomeLossCashFlowHedgeGainLossAfterReclassificationBeforeTax,C_0001341439_us-gaapDerivativeInstrumentRiskAxis_orclCrossCurrencySwapAgreementsMember_us-gaapDerivativeInstrumentsGainLossByHedgingRelationshipAxis_us-gaapCashFlowHedgingMember_20190601_20200531,2019-06-01,2020-05-31,,True,us-gaap:DerivativeInstrumentsGainLossByHedgingRelationshipAxis=us-gaap:CashFlowHedgingMember | us-gaap:DerivativeInstrumentRiskAxis=orcl:CrossCurrencySwapAgreementsMember,U_iso4217USD,iso4217:USD,43,6,-,-6,-43000000.0,-0.043,True
2020-05-31,2020-06-22,2021-04-01,0001564590-20-030125,C:\AI_Stock_Agent\data\sec_filings\ORCL\000156459020030125\orcl-10k_20200531.htm,us-gaap:OtherNonoperatingIncomeExpense,us-gaap,OtherNonoperatingIncomeExpense,C_0001341439_20170601_20180531,2017-06-01,2018-05-31,,False,,U_iso4217USD,iso4217:USD,191,6,,-6,191000000.0,0.191,True
2020-05-31,2020-06-22,2021-04-01,0001564590-20-030125,C:\AI_Stock_Agent\data\sec_filings\ORCL\000156459020030125\orcl-10k_20200531.htm,us-gaap:OtherNonoperatingIncomeExpense,us-gaap,OtherNonoperatingIncomeExpense,C_0001341439_20180601_20190531,2018-06-01,2019-05-31,,False,,U_iso4217USD,iso4217:USD,14,6,-,-6,-14000000.0,-0.014,True
2020-05-31,2020-06-22,2021-04-01,0001564590-20-030125,C:\AI_Stock_Agent\data\sec_filings\ORCL\000156459020030125\orcl-10k_20200531.htm,us-gaap:OtherNonoperatingIncomeExpense,us-gaap,OtherNonoperatingIncomeExpense,C_0001341439_20190601_20200531,2019-06-01,2020-05-31,,False,,U_iso4217USD,iso4217:USD,16,6,-,-6,-16000000.0,-0.016,True
2020-05-31,2020-06-22,2021-04-01,0001564590-20-030125,C:\AI_Stock_Agent\data\sec_filings\ORCL\000156459020030125\orcl-10k_20200531.htm,orcl:TaxCutsAndJobsActOf2017TransitionTaxForAccumulatedForeignEarningsAndChangeInTaxRateIncomeTaxExpenseBenefit,orcl,TaxCutsAndJobsActOf2017TransitionTaxForAccumulatedForeignEarningsAndChangeInTaxRateIncomeTaxExpenseBenefit,C_0001341439_20180601_20190531,2018-06-01,2019-05-31,,False,,U_iso4217USD,iso4217:USD,389,6,,-6,389000000.0,0.389,True
2020-05-31,2020-06-22,2021-04-01,0001564590-20-030125,C:\AI_Stock_Agent\data\sec_filings\ORCL\000156459020030125\orcl-10k_20200531.htm,orcl:TaxCutsAndJobsActOf2017TransitionTaxForAccumulatedForeignEarningsAndChangeInTaxRateIncomeTaxExpenseBenefit,orcl,TaxCutsAndJobsActOf2017TransitionTaxForAccumulatedForeignEarningsAndChangeInTaxRateIncomeTaxExpenseBenefit,C_0001341439_20180601_20190531,2018-06-01,2019-05-31,,False,,U_iso4217USD,iso4217:USD,389,6,,-6,389000000.0,0.389,True
2024-05-31,2024-06-20,2025-04-01,0000950170-24-075605,C:\AI_Stock_Agent\data\sec_filings\ORCL\000095017024075605\orcl-20240531.htm,us-gaap:CurrentFederalTaxExpenseBenefit,us-gaap,CurrentFederalTaxExpenseBenefit,C_dde92738-2efb-44d3-b39c-0e4b75573f83,2021-06-01,2022-05-31,,False,,U_USD,iso4217:USD,709,6,-,-6,-709000000.0,-0.709,True
2024-05-31,2024-06-20,2025-04-01,0000950170-24-075605,C:\AI_Stock_Agent\data\sec_filings\ORCL\000095017024075605\orcl-20240531.htm,us-gaap:CurrentFederalTaxExpenseBenefit,us-gaap,CurrentFederalTaxExpenseBenefit,C_568359fe-5eb4-45aa-9323-820b2fbf9b76,2022-06-01,2023-05-31,,False,,U_USD,iso4217:USD,625,6,-,-6,-625000000.0,-0.625,True
2024-05-31,2024-06-20,2025-04-01,0000950170-24-075605,C:\AI_Stock_Agent\data\sec_filings\ORCL\000095017024075605\orcl-20240531.htm,us-gaap:CurrentFederalTaxExpenseBenefit,us-gaap,CurrentFederalTaxExpenseBenefit,C_6b80b0ed-ad46-419f-9d80-36739c35988b,2023-06-01,2024-05-31,,False,,U_USD,iso4217:USD,999,6,-,-6,-999000000.0,-0.999,True
2024-05-31,2024-06-20,2025-04-01,0000950170-24-075605,C:\AI_Stock_Agent\data\sec_filings\ORCL\000095017024075605\orcl-20240531.htm,us-gaap:CurrentForeignTaxExpenseBenefit,us-gaap,CurrentForeignTaxExpenseBenefit,C_dde92738-2efb-44d3-b39c-0e4b75573f83,2021-06-01,2022-05-31,,False,,U_USD,iso4217:USD,"1,183",6,-,-6,-1183000000.0,-1.183,True
2024-05-31,2024-06-20,2025-04-01,0000950170-24-075605,C:\AI_Stock_Agent\data\sec_filings\ORCL\000095017024075605\orcl-20240531.htm,us-gaap:CurrentForeignTaxExpenseBenefit,us-gaap,CurrentForeignTaxExpenseBenefit,C_568359fe-5eb4-45aa-9323-820b2fbf9b76,2022-06-01,2023-05-31,,False,,U_USD,iso4217:USD,"1,767",6,-,-6,-1767000000.0,-1.767,True
2024-05-31,2024-06-20,2025-04-01,0000950170-24-075605,C:\AI_Stock_Agent\data\sec_filings\ORCL\000095017024075605\orcl-20240531.htm,us-gaap:CurrentForeignTaxExpenseBenefit,us-gaap,CurrentForeignTaxExpenseBenefit,C_6b80b0ed-ad46-419f-9d80-36739c35988b,2023-06-01,2024-05-31,,False,,U_USD,iso4217:USD,"1,994",6,-,-6,-1994000000.0,-1.994,True
2024-05-31,2024-06-20,2025-04-01,0000950170-24-075605,C:\AI_Stock_Agent\data\sec_filings\ORCL\000095017024075605\orcl-20240531.htm,us-gaap:CurrentIncomeTaxExpenseBenefit,us-gaap,CurrentIncomeTaxExpenseBenefit,C_dde92738-2efb-44d3-b39c-0e4b75573f83,2021-06-01,2022-05-31,,False,,U_USD,iso4217:USD,"2,078",6,-,-6,-2078000000.0,-2.078,True
2024-05-31,2024-06-20,2025-04-01,0000950170-24-075605,C:\AI_Stock_Agent\data\sec_filings\ORCL\000095017024075605\orcl-20240531.htm,us-gaap:CurrentIncomeTaxExpenseBenefit,us-gaap,CurrentIncomeTaxExpenseBenefit,C_568359fe-5eb4-45aa-9323-820b2fbf9b76,2022-06-01,2023-05-31,,False,,U_USD,iso4217:USD,"2,790",6,-,-6,-2790000000.0,-2.79,True
2024-05-31,2024-06-20,2025-04-01,0000950170-24-075605,C:\AI_Stock_Agent\data\sec_filings\ORCL\000095017024075605\orcl-20240531.htm,us-gaap:CurrentIncomeTaxExpenseBenefit,us-gaap,CurrentIncomeTaxExpenseBenefit,C_6b80b0ed-ad46-419f-9d80-36739c35988b,2023-06-01,2024-05-31,,False,,U_USD,iso4217:USD,"3,413",6,-,-6,-3413000000.0,-3.413,True
2024-05-31,2024-06-20,2025-04-01,0000950170-24-075605,C:\AI_Stock_Agent\data\sec_filings\ORCL\000095017024075605\orcl-20240531.htm,us-gaap:CurrentStateAndLocalTaxExpenseBenefit,us-gaap,CurrentStateAndLocalTaxExpenseBenefit,C_dde92738-2efb-44d3-b39c-0e4b75573f83,2021-06-01,2022-05-31,,False,,U_USD,iso4217:USD,186,6,-,-6,-186000000.0,-0.186,True
2024-05-31,2024-06-20,2025-04-01,0000950170-24-075605,C:\AI_Stock_Agent\data\sec_filings\ORCL\000095017024075605\orcl-20240531.htm,us-gaap:CurrentStateAndLocalTaxExpenseBenefit,us-gaap,CurrentStateAndLocalTaxExpenseBenefit,C_568359fe-5eb4-45aa-9323-820b2fbf9b76,2022-06-01,2023-05-31,,False,,U_USD,iso4217:USD,398,6,-,-6,-398000000.0,-0.398,True
2024-05-31,2024-06-20,2025-04-01,0000950170-24-075605,C:\AI_Stock_Agent\data\sec_filings\ORCL\000095017024075605\orcl-20240531.htm,us-gaap:CurrentStateAndLocalTaxExpenseBenefit,us-gaap,CurrentStateAndLocalTaxExpenseBenefit,C_6b80b0ed-ad46-419f-9d80-36739c35988b,2023-06-01,2024-05-31,,False,,U_USD,iso4217:USD,420,6,-,-6,-420000000.0,-0.42,True
2024-05-31,2024-06-20,2025-04-01,0000950170-24-075605,C:\AI_Stock_Agent\data\sec_filings\ORCL\000095017024075605\orcl-20240531.htm,us-gaap:DeferredFederalIncomeTaxExpenseBenefit,us-gaap,DeferredFederalIncomeTaxExpenseBenefit,C_dde92738-2efb-44d3-b39c-0e4b75573f83,2021-06-01,2022-05-31,,False,,U_USD,iso4217:USD,"1,661",6,,-6,1661000000.0,1.661,True
2024-05-31,2024-06-20,2025-04-01,0000950170-24-075605,C:\AI_Stock_Agent\data\sec_filings\ORCL\000095017024075605\orcl-20240531.htm,us-gaap:DeferredFederalIncomeTaxExpenseBenefit,us-gaap,DeferredFederalIncomeTaxExpenseBenefit,C_568359fe-5eb4-45aa-9323-820b2fbf9b76,2022-06-01,2023-05-31,,False,,U_USD,iso4217:USD,"2,193",6,,-6,2193000000.0,2.193,True
2024-05-31,2024-06-20,2025-04-01,0000950170-24-075605,C:\AI_Stock_Agent\data\sec_filings\ORCL\000095017024075605\orcl-20240531.htm,us-gaap:DeferredFederalIncomeTaxExpenseBenefit,us-gaap,DeferredFederalIncomeTaxExpenseBenefit,C_6b80b0ed-ad46-419f-9d80-36739c35988b,2023-06-01,2024-05-31,,False,,U_USD,iso4217:USD,"2,020",6,,-6,2020000000.0,2.02,True
2024-05-31,2024-06-20,2025-04-01,0000950170-24-075605,C:\AI_Stock_Agent\data\sec_filings\ORCL\000095017024075605\orcl-20240531.htm,us-gaap:DeferredForeignIncomeTaxExpenseBenefit,us-gaap,DeferredForeignIncomeTaxExpenseBenefit,C_dde92738-2efb-44d3-b39c-0e4b75573f83,2021-06-01,2022-05-31,,False,,U_USD,iso4217:USD,654,6,-,-6,-654000000.0,-0.654,True
2024-05-31,2024-06-20,2025-04-01,0000950170-24-075605,C:\AI_Stock_Agent\data\sec_filings\ORCL\000095017024075605\orcl-20240531.htm,us-gaap:DeferredForeignIncomeTaxExpenseBenefit,us-gaap,DeferredForeignIncomeTaxExpenseBenefit,C_568359fe-5eb4-45aa-9323-820b2fbf9b76,2022-06-01,2023-05-31,,False,,U_USD,iso4217:USD,424,6,-,-6,-424000000.0,-0.424,True
2024-05-31,2024-06-20,2025-04-01,0000950170-24-075605,C:\AI_Stock_Agent\data\sec_filings\ORCL\000095017024075605\orcl-20240531.htm,us-gaap:DeferredForeignIncomeTaxExpenseBenefit,us-gaap,DeferredForeignIncomeTaxExpenseBenefit,C_6b80b0ed-ad46-419f-9d80-36739c35988b,2023-06-01,2024-05-31,,False,,U_USD,iso4217:USD,161,6,-,-6,-161000000.0,-0.161,True
2024-05-31,2024-06-20,2025-04-01,0000950170-24-075605,C:\AI_Stock_Agent\data\sec_filings\ORCL\000095017024075605\orcl-20240531.htm,us-gaap:DeferredIncomeTaxExpenseBenefit,us-gaap,DeferredIncomeTaxExpenseBenefit,C_dde92738-2efb-44d3-b39c-0e4b75573f83,2021-06-01,2022-05-31,,False,,U_USD,iso4217:USD,"1,146",6,-,-6,-1146000000.0,-1.146,True
2024-05-31,2024-06-20,2025-04-01,0000950170-24-075605,C:\AI_Stock_Agent\data\sec_filings\ORCL\000095017024075605\orcl-20240531.htm,us-gaap:DeferredIncomeTaxExpenseBenefit,us-gaap,DeferredIncomeTaxExpenseBenefit,C_dde92738-2efb-44d3-b39c-0e4b75573f83,2021-06-01,2022-05-31,,False,,U_USD,iso4217:USD,"1,146",6,-,-6,-1146000000.0,-1.146,True
2024-05-31,2024-06-20,2025-04-01,0000950170-24-075605,C:\AI_Stock_Agent\data\sec_filings\ORCL\000095017024075605\orcl-20240531.htm,us-gaap:DeferredIncomeTaxExpenseBenefit,us-gaap,DeferredIncomeTaxExpenseBenefit,C_568359fe-5eb4-45aa-9323-820b2fbf9b76,2022-06-01,2023-05-31,,False,,U_USD,iso4217:USD,"2,167",6,-,-6,-2167000000.0,-2.167,True
2024-05-31,2024-06-20,2025-04-01,0000950170-24-075605,C:\AI_Stock_Agent\data\sec_filings\ORCL\000095017024075605\orcl-20240531.htm,us-gaap:DeferredIncomeTaxExpenseBenefit,us-gaap,DeferredIncomeTaxExpenseBenefit,C_568359fe-5eb4-45aa-9323-820b2fbf9b76,2022-06-01,2023-05-31,,False,,U_USD,iso4217:USD,"2,167",6,-,-6,-2167000000.0,-2.167,True
2024-05-31,2024-06-20,2025-04-01,0000950170-24-075605,C:\AI_Stock_Agent\data\sec_filings\ORCL\000095017024075605\orcl-20240531.htm,us-gaap:DeferredIncomeTaxExpenseBenefit,us-gaap,DeferredIncomeTaxExpenseBenefit,C_6b80b0ed-ad46-419f-9d80-36739c35988b,2023-06-01,2024-05-31,,False,,U_USD,iso4217:USD,"2,139",6,-,-6,-2139000000.0,-2.139,True
2024-05-31,2024-06-20,2025-04-01,0000950170-24-075605,C:\AI_Stock_Agent\data\sec_filings\ORCL\000095017024075605\orcl-20240531.htm,us-gaap:DeferredIncomeTaxExpenseBenefit,us-gaap,DeferredIncomeTaxExpenseBenefit,C_6b80b0ed-ad46-419f-9d80-36739c35988b,2023-06-01,2024-05-31,,False,,U_USD,iso4217:USD,"2,139",6,-,-6,-2139000000.0,-2.139,True
2024-05-31,2024-06-20,2025-04-01,0000950170-24-075605,C:\AI_Stock_Agent\data\sec_filings\ORCL\000095017024075605\orcl-20240531.htm,us-gaap:DeferredStateAndLocalIncomeTaxExpenseBenefit,us-gaap,DeferredStateAndLocalIncomeTaxExpenseBenefit,C_dde92738-2efb-44d3-b39c-0e4b75573f83,2021-06-01,2022-05-31,,False,,U_USD,iso4217:USD,139,6,,-6,139000000.0,0.139,True
2024-05-31,2024-06-20,2025-04-01,0000950170-24-075605,C:\AI_Stock_Agent\data\sec_filings\ORCL\000095017024075605\orcl-20240531.htm,us-gaap:DeferredStateAndLocalIncomeTaxExpenseBenefit,us-gaap,DeferredStateAndLocalIncomeTaxExpenseBenefit,C_568359fe-5eb4-45aa-9323-820b2fbf9b76,2022-06-01,2023-05-31,,False,,U_USD,iso4217:USD,398,6,,-6,398000000.0,0.398,True
2024-05-31,2024-06-20,2025-04-01,0000950170-24-075605,C:\AI_Stock_Agent\data\sec_filings\ORCL\000095017024075605\orcl-20240531.htm,us-gaap:DeferredStateAndLocalIncomeTaxExpenseBenefit,us-gaap,DeferredStateAndLocalIncomeTaxExpenseBenefit,C_6b80b0ed-ad46-419f-9d80-36739c35988b,2023-06-01,2024-05-31,,False,,U_USD,iso4217:USD,280,6,,-6,280000000.0,0.28,True
2024-05-31,2024-06-20,2025-04-01,0000950170-24-075605,C:\AI_Stock_Agent\data\sec_filings\ORCL\000095017024075605\orcl-20240531.htm,us-gaap:DeferredTaxExpenseFromStockOptionsExercised,us-gaap,DeferredTaxExpenseFromStockOptionsExercised,C_dde92738-2efb-44d3-b39c-0e4b75573f83,2021-06-01,2022-05-31,,False,,U_USD,iso4217:USD,843,6,,-6,843000000.0,0.843,True
2024-05-31,2024-06-20,2025-04-01,0000950170-24-075605,C:\AI_Stock_Agent\data\sec_filings\ORCL\000095017024075605\orcl-20240531.htm,us-gaap:DeferredTaxExpenseFromStockOptionsExercised,us-gaap,DeferredTaxExpenseFromStockOptionsExercised,C_568359fe-5eb4-45aa-9323-820b2fbf9b76,2022-06-01,2023-05-31,,False,,U_USD,iso4217:USD,1.2,9,,-8,1200000000.0,1.2,True
2024-05-31,2024-06-20,2025-04-01,0000950170-24-075605,C:\AI_Stock_Agent\data\sec_filings\ORCL\000095017024075605\orcl-20240531.htm,us-gaap:DeferredTaxExpenseFromStockOptionsExercised,us-gaap,DeferredTaxExpenseFromStockOptionsExercised,C_6b80b0ed-ad46-419f-9d80-36739c35988b,2023-06-01,2024-05-31,,False,,U_USD,iso4217:USD,1.7,9,,-8,1700000000.0,1.7,True
2024-05-31,2024-06-20,2025-04-01,0000950170-24-075605,C:\AI_Stock_Agent\data\sec_filings\ORCL\000095017024075605\orcl-20240531.htm,us-gaap:ForeignCurrencyTransactionGainLossBeforeTax,us-gaap,ForeignCurrencyTransactionGainLossBeforeTax,C_dde92738-2efb-44d3-b39c-0e4b75573f83,2021-06-01,2022-05-31,,False,,U_USD,iso4217:USD,199,6,-,-6,-199000000.0,-0.199,True
2024-05-31,2024-06-20,2025-04-01,0000950170-24-075605,C:\AI_Stock_Agent\data\sec_filings\ORCL\000095017024075605\orcl-20240531.htm,us-gaap:ForeignCurrencyTransactionGainLossBeforeTax,us-gaap,ForeignCurrencyTransactionGainLossBeforeTax,C_dde92738-2efb-44d3-b39c-0e4b75573f83,2021-06-01,2022-05-31,,False,,U_USD,iso4217:USD,199,6,-,-6,-199000000.0,-0.199,True
2024-05-31,2024-06-20,2025-04-01,0000950170-24-075605,C:\AI_Stock_Agent\data\sec_filings\ORCL\000095017024075605\orcl-20240531.htm,us-gaap:ForeignCurrencyTransactionGainLossBeforeTax,us-gaap,ForeignCurrencyTransactionGainLossBeforeTax,C_568359fe-5eb4-45aa-9323-820b2fbf9b76,2022-06-01,2023-05-31,,False,,U_USD,iso4217:USD,249,6,-,-6,-249000000.0,-0.249,True
2024-05-31,2024-06-20,2025-04-01,0000950170-24-075605,C:\AI_Stock_Agent\data\sec_filings\ORCL\000095017024075605\orcl-20240531.htm,us-gaap:ForeignCurrencyTransactionGainLossBeforeTax,us-gaap,ForeignCurrencyTransactionGainLossBeforeTax,C_568359fe-5eb4-45aa-9323-820b2fbf9b76,2022-06-01,2023-05-31,,False,,U_USD,iso4217:USD,249,6,-,-6,-249000000.0,-0.249,True
2024-05-31,2024-06-20,2025-04-01,0000950170-24-075605,C:\AI_Stock_Agent\data\sec_filings\ORCL\000095017024075605\orcl-20240531.htm,us-gaap:ForeignCurrencyTransactionGainLossBeforeTax,us-gaap,ForeignCurrencyTransactionGainLossBeforeTax,C_6b80b0ed-ad46-419f-9d80-36739c35988b,2023-06-01,2024-05-31,,False,,U_USD,iso4217:USD,228,6,-,-6,-228000000.0,-0.228,True
2024-05-31,2024-06-20,2025-04-01,0000950170-24-075605,C:\AI_Stock_Agent\data\sec_filings\ORCL\000095017024075605\orcl-20240531.htm,us-gaap:ForeignCurrencyTransactionGainLossBeforeTax,us-gaap,ForeignCurrencyTransactionGainLossBeforeTax,C_6b80b0ed-ad46-419f-9d80-36739c35988b,2023-06-01,2024-05-31,,False,,U_USD,iso4217:USD,228,6,-,-6,-228000000.0,-0.228,True
2024-05-31,2024-06-20,2025-04-01,0000950170-24-075605,C:\AI_Stock_Agent\data\sec_filings\ORCL\000095017024075605\orcl-20240531.htm,orcl:IncomeLossFromContinuingOperationsAfterNoncontrollingInterestBeforeIncomeTaxes,orcl,IncomeLossFromContinuingOperationsAfterNoncontrollingInterestBeforeIncomeTaxes,C_dde92738-2efb-44d3-b39c-0e4b75573f83,2021-06-01,2022-05-31,,False,,U_USD,iso4217:USD,"7,649",6,,-6,7649000000.0,7.649,True
2024-05-31,2024-06-20,2025-04-01,0000950170-24-075605,C:\AI_Stock_Agent\data\sec_filings\ORCL\000095017024075605\orcl-20240531.htm,orcl:IncomeLossFromContinuingOperationsAfterNoncontrollingInterestBeforeIncomeTaxes,orcl,IncomeLossFromContinuingOperationsAfterNoncontrollingInterestBeforeIncomeTaxes,C_568359fe-5eb4-45aa-9323-820b2fbf9b76,2022-06-01,2023-05-31,,False,,U_USD,iso4217:USD,"9,126",6,,-6,9126000000.0,9.126,True
2024-05-31,2024-06-20,2025-04-01,0000950170-24-075605,C:\AI_Stock_Agent\data\sec_filings\ORCL\000095017024075605\orcl-20240531.htm,orcl:IncomeLossFromContinuingOperationsAfterNoncontrollingInterestBeforeIncomeTaxes,orcl,IncomeLossFromContinuingOperationsAfterNoncontrollingInterestBeforeIncomeTaxes,C_6b80b0ed-ad46-419f-9d80-36739c35988b,2023-06-01,2024-05-31,,False,,U_USD,iso4217:USD,"11,741",6,,-6,11741000000.0,11.741,True
2024-05-31,2024-06-20,2025-04-01,0000950170-24-075605,C:\AI_Stock_Agent\data\sec_filings\ORCL\000095017024075605\orcl-20240531.htm,us-gaap:IncomeLossFromContinuingOperationsBeforeIncomeTaxesDomestic,us-gaap,IncomeLossFromContinuingOperationsBeforeIncomeTaxesDomestic,C_dde92738-2efb-44d3-b39c-0e4b75573f83,2021-06-01,2022-05-31,,False,,U_USD,iso4217:USD,629,6,-,-6,-629000000.0,-0.629,True
2024-05-31,2024-06-20,2025-04-01,0000950170-24-075605,C:\AI_Stock_Agent\data\sec_filings\ORCL\000095017024075605\orcl-20240531.htm,us-gaap:IncomeLossFromContinuingOperationsBeforeIncomeTaxesDomestic,us-gaap,IncomeLossFromContinuingOperationsBeforeIncomeTaxesDomestic,C_568359fe-5eb4-45aa-9323-820b2fbf9b76,2022-06-01,2023-05-31,,False,,U_USD,iso4217:USD,"1,492",6,,-6,1492000000.0,1.492,True
2024-05-31,2024-06-20,2025-04-01,0000950170-24-075605,C:\AI_Stock_Agent\data\sec_filings\ORCL\000095017024075605\orcl-20240531.htm,us-gaap:IncomeLossFromContinuingOperationsBeforeIncomeTaxesDomestic,us-gaap,IncomeLossFromContinuingOperationsBeforeIncomeTaxesDomestic,C_6b80b0ed-ad46-419f-9d80-36739c35988b,2023-06-01,2024-05-31,,False,,U_USD,iso4217:USD,"3,023",6,,-6,3023000000.0,3.023,True
2024-05-31,2024-06-20,2025-04-01,0000950170-24-075605,C:\AI_Stock_Agent\data\sec_filings\ORCL\000095017024075605\orcl-20240531.htm,us-gaap:IncomeLossFromContinuingOperationsBeforeIncomeTaxesForeign,us-gaap,IncomeLossFromContinuingOperationsBeforeIncomeTaxesForeign,C_dde92738-2efb-44d3-b39c-0e4b75573f83,2021-06-01,2022-05-31,,False,,U_USD,iso4217:USD,"8,278",6,,-6,8278000000.0,8.278,True
2024-05-31,2024-06-20,2025-04-01,0000950170-24-075605,C:\AI_Stock_Agent\data\sec_filings\ORCL\000095017024075605\orcl-20240531.htm,us-gaap:IncomeLossFromContinuingOperationsBeforeIncomeTaxesForeign,us-gaap,IncomeLossFromContinuingOperationsBeforeIncomeTaxesForeign,C_568359fe-5eb4-45aa-9323-820b2fbf9b76,2022-06-01,2023-05-31,,False,,U_USD,iso4217:USD,"7,634",6,,-6,7634000000.0,7.634,True
2024-05-31,2024-06-20,2025-04-01,0000950170-24-075605,C:\AI_Stock_Agent\data\sec_filings\ORCL\000095017024075605\orcl-20240531.htm,us-gaap:IncomeLossFromContinuingOperationsBeforeIncomeTaxesForeign,us-gaap,IncomeLossFromContinuingOperationsBeforeIncomeTaxesForeign,C_6b80b0ed-ad46-419f-9d80-36739c35988b,2023-06-01,2024-05-31,,False,,U_USD,iso4217:USD,"8,718",6,,-6,8718000000.0,8.718,True
2024-05-31,2024-06-20,2025-04-01,0000950170-24-075605,C:\AI_Stock_Agent\data\sec_filings\ORCL\000095017024075605\orcl-20240531.htm,orcl:IncomeLossFromContinuingOperationsIncludingNoncontrollingInterestBeforeIncomeTaxesExtraordinaryItems,orcl,IncomeLossFromContinuingOperationsIncludingNoncontrollingInterestBeforeIncomeTaxesExtraordinaryItems,C_dde92738-2efb-44d3-b39c-0e4b75573f83,2021-06-01,2022-05-31,,False,,U_USD,iso4217:USD,"7,649",6,,-6,7649000000.0,7.649,True
2024-05-31,2024-06-20,2025-04-01,0000950170-24-075605,C:\AI_Stock_Agent\data\sec_filings\ORCL\000095017024075605\orcl-20240531.htm,orcl:IncomeLossFromContinuingOperationsIncludingNoncontrollingInterestBeforeIncomeTaxesExtraordinaryItems,orcl,IncomeLossFromContinuingOperationsIncludingNoncontrollingInterestBeforeIncomeTaxesExtraordinaryItems,C_dde92738-2efb-44d3-b39c-0e4b75573f83,2021-06-01,2022-05-31,,False,,U_USD,iso4217:USD,"7,649",6,,-6,7649000000.0,7.649,True
2024-05-31,2024-06-20,2025-04-01,0000950170-24-075605,C:\AI_Stock_Agent\data\sec_filings\ORCL\000095017024075605\orcl-20240531.htm,orcl:IncomeLossFromContinuingOperationsIncludingNoncontrollingInterestBeforeIncomeTaxesExtraordinaryItems,orcl,IncomeLossFromContinuingOperationsIncludingNoncontrollingInterestBeforeIncomeTaxesExtraordinaryItems,C_568359fe-5eb4-45aa-9323-820b2fbf9b76,2022-06-01,2023-05-31,,False,,U_USD,iso4217:USD,"9,126",6,,-6,9126000000.0,9.126,True
2024-05-31,2024-06-20,2025-04-01,0000950170-24-075605,C:\AI_Stock_Agent\data\sec_filings\ORCL\000095017024075605\orcl-20240531.htm,orcl:IncomeLossFromContinuingOperationsIncludingNoncontrollingInterestBeforeIncomeTaxesExtraordinaryItems,orcl,IncomeLossFromContinuingOperationsIncludingNoncontrollingInterestBeforeIncomeTaxesExtraordinaryItems,C_568359fe-5eb4-45aa-9323-820b2fbf9b76,2022-06-01,2023-05-31,,False,,U_USD,iso4217:USD,"9,126",6,,-6,9126000000.0,9.126,True
2024-05-31,2024-06-20,2025-04-01,0000950170-24-075605,C:\AI_Stock_Agent\data\sec_filings\ORCL\000095017024075605\orcl-20240531.htm,orcl:IncomeLossFromContinuingOperationsIncludingNoncontrollingInterestBeforeIncomeTaxesExtraordinaryItems,orcl,IncomeLossFromContinuingOperationsIncludingNoncontrollingInterestBeforeIncomeTaxesExtraordinaryItems,C_6b80b0ed-ad46-419f-9d80-36739c35988b,2023-06-01,2024-05-31,,False,,U_USD,iso4217:USD,"11,741",6,,-6,11741000000.0,11.741,True
2024-05-31,2024-06-20,2025-04-01,0000950170-24-075605,C:\AI_Stock_Agent\data\sec_filings\ORCL\000095017024075605\orcl-20240531.htm,orcl:IncomeLossFromContinuingOperationsIncludingNoncontrollingInterestBeforeIncomeTaxesExtraordinaryItems,orcl,IncomeLossFromContinuingOperationsIncludingNoncontrollingInterestBeforeIncomeTaxesExtraordinaryItems,C_6b80b0ed-ad46-419f-9d80-36739c35988b,2023-06-01,2024-05-31,,False,,U_USD,iso4217:USD,"11,741",6,,-6,11741000000.0,11.741,True
2024-05-31,2024-06-20,2025-04-01,0000950170-24-075605,C:\AI_Stock_Agent\data\sec_filings\ORCL\000095017024075605\orcl-20240531.htm,us-gaap:IncomeTaxExpenseBenefit,us-gaap,IncomeTaxExpenseBenefit,C_dde92738-2efb-44d3-b39c-0e4b75573f83,2021-06-01,2022-05-31,,False,,U_USD,iso4217:USD,932,6,,-6,932000000.0,0.932,True
2024-05-31,2024-06-20,2025-04-01,0000950170-24-075605,C:\AI_Stock_Agent\data\sec_filings\ORCL\000095017024075605\orcl-20240531.htm,us-gaap:IncomeTaxExpenseBenefit,us-gaap,IncomeTaxExpenseBenefit,C_dde92738-2efb-44d3-b39c-0e4b75573f83,2021-06-01,2022-05-31,,False,,U_USD,iso4217:USD,932,6,,-6,932000000.0,0.932,True
2024-05-31,2024-06-20,2025-04-01,0000950170-24-075605,C:\AI_Stock_Agent\data\sec_filings\ORCL\000095017024075605\orcl-20240531.htm,us-gaap:IncomeTaxExpenseBenefit,us-gaap,IncomeTaxExpenseBenefit,C_dde92738-2efb-44d3-b39c-0e4b75573f83,2021-06-01,2022-05-31,,False,,U_USD,iso4217:USD,932,6,,-6,932000000.0,0.932,True
2024-05-31,2024-06-20,2025-04-01,0000950170-24-075605,C:\AI_Stock_Agent\data\sec_filings\ORCL\000095017024075605\orcl-20240531.htm,us-gaap:IncomeTaxExpenseBenefit,us-gaap,IncomeTaxExpenseBenefit,C_568359fe-5eb4-45aa-9323-820b2fbf9b76,2022-06-01,2023-05-31,,False,,U_USD,iso4217:USD,623,6,,-6,623000000.0,0.623,True
2024-05-31,2024-06-20,2025-04-01,0000950170-24-075605,C:\AI_Stock_Agent\data\sec_filings\ORCL\000095017024075605\orcl-20240531.htm,us-gaap:IncomeTaxExpenseBenefit,us-gaap,IncomeTaxExpenseBenefit,C_568359fe-5eb4-45aa-9323-820b2fbf9b76,2022-06-01,2023-05-31,,False,,U_USD,iso4217:USD,623,6,,-6,623000000.0,0.623,True
2024-05-31,2024-06-20,2025-04-01,0000950170-24-075605,C:\AI_Stock_Agent\data\sec_filings\ORCL\000095017024075605\orcl-20240531.htm,us-gaap:IncomeTaxExpenseBenefit,us-gaap,IncomeTaxExpenseBenefit,C_568359fe-5eb4-45aa-9323-820b2fbf9b76,2022-06-01,2023-05-31,,False,,U_USD,iso4217:USD,623,6,,-6,623000000.0,0.623,True
2024-05-31,2024-06-20,2025-04-01,0000950170-24-075605,C:\AI_Stock_Agent\data\sec_filings\ORCL\000095017024075605\orcl-20240531.htm,us-gaap:IncomeTaxExpenseBenefit,us-gaap,IncomeTaxExpenseBenefit,C_6b80b0ed-ad46-419f-9d80-36739c35988b,2023-06-01,2024-05-31,,False,,U_USD,iso4217:USD,"1,274",6,,-6,1274000000.0,1.274,True
2024-05-31,2024-06-20,2025-04-01,0000950170-24-075605,C:\AI_Stock_Agent\data\sec_filings\ORCL\000095017024075605\orcl-20240531.htm,us-gaap:IncomeTaxExpenseBenefit,us-gaap,IncomeTaxExpenseBenefit,C_6b80b0ed-ad46-419f-9d80-36739c35988b,2023-06-01,2024-05-31,,False,,U_USD,iso4217:USD,"1,274",6,,-6,1274000000.0,1.274,True
2024-05-31,2024-06-20,2025-04-01,0000950170-24-075605,C:\AI_Stock_Agent\data\sec_filings\ORCL\000095017024075605\orcl-20240531.htm,us-gaap:IncomeTaxExpenseBenefit,us-gaap,IncomeTaxExpenseBenefit,C_6b80b0ed-ad46-419f-9d80-36739c35988b,2023-06-01,2024-05-31,,False,,U_USD,iso4217:USD,"1,274",6,,-6,1274000000.0,1.274,True
2024-05-31,2024-06-20,2025-04-01,0000950170-24-075605,C:\AI_Stock_Agent\data\sec_filings\ORCL\000095017024075605\orcl-20240531.htm,us-gaap:IncomeTaxReconciliationIncomeTaxExpenseBenefitAtFederalStatutoryIncomeTaxRate,us-gaap,IncomeTaxReconciliationIncomeTaxExpenseBenefitAtFederalStatutoryIncomeTaxRate,C_dde92738-2efb-44d3-b39c-0e4b75573f83,2021-06-01,2022-05-31,,False,,U_USD,iso4217:USD,"1,606",6,-,-6,-1606000000.0,-1.606,True
2024-05-31,2024-06-20,2025-04-01,0000950170-24-075605,C:\AI_Stock_Agent\data\sec_filings\ORCL\000095017024075605\orcl-20240531.htm,us-gaap:IncomeTaxReconciliationIncomeTaxExpenseBenefitAtFederalStatutoryIncomeTaxRate,us-gaap,IncomeTaxReconciliationIncomeTaxExpenseBenefitAtFederalStatutoryIncomeTaxRate,C_568359fe-5eb4-45aa-9323-820b2fbf9b76,2022-06-01,2023-05-31,,False,,U_USD,iso4217:USD,"1,917",6,-,-6,-1917000000.0,-1.917,True
2024-05-31,2024-06-20,2025-04-01,0000950170-24-075605,C:\AI_Stock_Agent\data\sec_filings\ORCL\000095017024075605\orcl-20240531.htm,us-gaap:IncomeTaxReconciliationIncomeTaxExpenseBenefitAtFederalStatutoryIncomeTaxRate,us-gaap,IncomeTaxReconciliationIncomeTaxExpenseBenefitAtFederalStatutoryIncomeTaxRate,C_6b80b0ed-ad46-419f-9d80-36739c35988b,2023-06-01,2024-05-31,,False,,U_USD,iso4217:USD,"2,466",6,-,-6,-2466000000.0,-2.466,True
2024-05-31,2024-06-20,2025-04-01,0000950170-24-075605,C:\AI_Stock_Agent\data\sec_filings\ORCL\000095017024075605\orcl-20240531.htm,orcl:NonOperatingIncomeExpenseAttributableToMinorityInterest,orcl,NonOperatingIncomeExpenseAttributableToMinorityInterest,C_dde92738-2efb-44d3-b39c-0e4b75573f83,2021-06-01,2022-05-31,,False,,U_USD,iso4217:USD,184,6,,-6,184000000.0,0.184,True
2024-05-31,2024-06-20,2025-04-01,0000950170-24-075605,C:\AI_Stock_Agent\data\sec_filings\ORCL\000095017024075605\orcl-20240531.htm,orcl:NonOperatingIncomeExpenseAttributableToMinorityInterest,orcl,NonOperatingIncomeExpenseAttributableToMinorityInterest,C_568359fe-5eb4-45aa-9323-820b2fbf9b76,2022-06-01,2023-05-31,,False,,U_USD,iso4217:USD,165,6,,-6,165000000.0,0.165,True
2024-05-31,2024-06-20,2025-04-01,0000950170-24-075605,C:\AI_Stock_Agent\data\sec_filings\ORCL\000095017024075605\orcl-20240531.htm,orcl:NonOperatingIncomeExpenseAttributableToMinorityInterest,orcl,NonOperatingIncomeExpenseAttributableToMinorityInterest,C_6b80b0ed-ad46-419f-9d80-36739c35988b,2023-06-01,2024-05-31,,False,,U_USD,iso4217:USD,186,6,,-6,186000000.0,0.186,True
2024-05-31,2024-06-20,2025-04-01,0000950170-24-075605,C:\AI_Stock_Agent\data\sec_filings\ORCL\000095017024075605\orcl-20240531.htm,orcl:NonoperatingIncomeExpenseIncludingEliminationOfNetIncomeLossAttributableToNoncontrollingInterests,orcl,NonoperatingIncomeExpenseIncludingEliminationOfNetIncomeLossAttributableToNoncontrollingInterests,C_dde92738-2efb-44d3-b39c-0e4b75573f83,2021-06-01,2022-05-31,,False,,U_USD,iso4217:USD,522,6,-,-6,-522000000.0,-0.522,True
2024-05-31,2024-06-20,2025-04-01,0000950170-24-075605,C:\AI_Stock_Agent\data\sec_filings\ORCL\000095017024075605\orcl-20240531.htm,orcl:NonoperatingIncomeExpenseIncludingEliminationOfNetIncomeLossAttributableToNoncontrollingInterests,orcl,NonoperatingIncomeExpenseIncludingEliminationOfNetIncomeLossAttributableToNoncontrollingInterests,C_dde92738-2efb-44d3-b39c-0e4b75573f83,2021-06-01,2022-05-31,,False,,U_USD,iso4217:USD,522,6,-,-6,-522000000.0,-0.522,True
2024-05-31,2024-06-20,2025-04-01,0000950170-24-075605,C:\AI_Stock_Agent\data\sec_filings\ORCL\000095017024075605\orcl-20240531.htm,orcl:NonoperatingIncomeExpenseIncludingEliminationOfNetIncomeLossAttributableToNoncontrollingInterests,orcl,NonoperatingIncomeExpenseIncludingEliminationOfNetIncomeLossAttributableToNoncontrollingInterests,C_dde92738-2efb-44d3-b39c-0e4b75573f83,2021-06-01,2022-05-31,,False,,U_USD,iso4217:USD,522,6,-,-6,-522000000.0,-0.522,True
2024-05-31,2024-06-20,2025-04-01,0000950170-24-075605,C:\AI_Stock_Agent\data\sec_filings\ORCL\000095017024075605\orcl-20240531.htm,orcl:NonoperatingIncomeExpenseIncludingEliminationOfNetIncomeLossAttributableToNoncontrollingInterests,orcl,NonoperatingIncomeExpenseIncludingEliminationOfNetIncomeLossAttributableToNoncontrollingInterests,C_568359fe-5eb4-45aa-9323-820b2fbf9b76,2022-06-01,2023-05-31,,False,,U_USD,iso4217:USD,462,6,-,-6,-462000000.0,-0.462,True
2024-05-31,2024-06-20,2025-04-01,0000950170-24-075605,C:\AI_Stock_Agent\data\sec_filings\ORCL\000095017024075605\orcl-20240531.htm,orcl:NonoperatingIncomeExpenseIncludingEliminationOfNetIncomeLossAttributableToNoncontrollingInterests,orcl,NonoperatingIncomeExpenseIncludingEliminationOfNetIncomeLossAttributableToNoncontrollingInterests,C_568359fe-5eb4-45aa-9323-820b2fbf9b76,2022-06-01,2023-05-31,,False,,U_USD,iso4217:USD,462,6,-,-6,-462000000.0,-0.462,True
2024-05-31,2024-06-20,2025-04-01,0000950170-24-075605,C:\AI_Stock_Agent\data\sec_filings\ORCL\000095017024075605\orcl-20240531.htm,orcl:NonoperatingIncomeExpenseIncludingEliminationOfNetIncomeLossAttributableToNoncontrollingInterests,orcl,NonoperatingIncomeExpenseIncludingEliminationOfNetIncomeLossAttributableToNoncontrollingInterests,C_568359fe-5eb4-45aa-9323-820b2fbf9b76,2022-06-01,2023-05-31,,False,,U_USD,iso4217:USD,462,6,-,-6,-462000000.0,-0.462,True
2024-05-31,2024-06-20,2025-04-01,0000950170-24-075605,C:\AI_Stock_Agent\data\sec_filings\ORCL\000095017024075605\orcl-20240531.htm,orcl:NonoperatingIncomeExpenseIncludingEliminationOfNetIncomeLossAttributableToNoncontrollingInterests,orcl,NonoperatingIncomeExpenseIncludingEliminationOfNetIncomeLossAttributableToNoncontrollingInterests,C_6b80b0ed-ad46-419f-9d80-36739c35988b,2023-06-01,2024-05-31,,False,,U_USD,iso4217:USD,98,6,-,-6,-98000000.0,-0.098,True
2024-05-31,2024-06-20,2025-04-01,0000950170-24-075605,C:\AI_Stock_Agent\data\sec_filings\ORCL\000095017024075605\orcl-20240531.htm,orcl:NonoperatingIncomeExpenseIncludingEliminationOfNetIncomeLossAttributableToNoncontrollingInterests,orcl,NonoperatingIncomeExpenseIncludingEliminationOfNetIncomeLossAttributableToNoncontrollingInterests,C_6b80b0ed-ad46-419f-9d80-36739c35988b,2023-06-01,2024-05-31,,False,,U_USD,iso4217:USD,98,6,-,-6,-98000000.0,-0.098,True
2024-05-31,2024-06-20,2025-04-01,0000950170-24-075605,C:\AI_Stock_Agent\data\sec_filings\ORCL\000095017024075605\orcl-20240531.htm,orcl:NonoperatingIncomeExpenseIncludingEliminationOfNetIncomeLossAttributableToNoncontrollingInterests,orcl,NonoperatingIncomeExpenseIncludingEliminationOfNetIncomeLossAttributableToNoncontrollingInterests,C_6b80b0ed-ad46-419f-9d80-36739c35988b,2023-06-01,2024-05-31,,False,,U_USD,iso4217:USD,98,6,-,-6,-98000000.0,-0.098,True
2024-05-31,2024-06-20,2025-04-01,0000950170-24-075605,C:\AI_Stock_Agent\data\sec_filings\ORCL\000095017024075605\orcl-20240531.htm,us-gaap:OperatingIncomeLoss,us-gaap,OperatingIncomeLoss,C_0f24624a-0c66-417a-ba2e-b4eeb788da96,2021-06-01,2022-05-31,,True,srt:ConsolidationItemsAxis=us-gaap:OperatingSegmentsMember,U_USD,iso4217:USD,"26,627",6,,-6,26627000000.0,26.627,True
2024-05-31,2024-06-20,2025-04-01,0000950170-24-075605,C:\AI_Stock_Agent\data\sec_filings\ORCL\000095017024075605\orcl-20240531.htm,us-gaap:OperatingIncomeLoss,us-gaap,OperatingIncomeLoss,C_0f24624a-0c66-417a-ba2e-b4eeb788da96,2021-06-01,2022-05-31,,True,srt:ConsolidationItemsAxis=us-gaap:OperatingSegmentsMember,U_USD,iso4217:USD,"26,627",6,,-6,26627000000.0,26.627,True
2024-05-31,2024-06-20,2025-04-01,0000950170-24-075605,C:\AI_Stock_Agent\data\sec_filings\ORCL\000095017024075605\orcl-20240531.htm,us-gaap:OperatingIncomeLoss,us-gaap,OperatingIncomeLoss,C_3d46007d-b699-4a93-9108-56fe6f9aa97e,2021-06-01,2022-05-31,,True,srt:ConsolidationItemsAxis=us-gaap:OperatingSegmentsMember | us-gaap:StatementBusinessSegmentsAxis=orcl:CloudAndLicenseBusinessMember,U_USD,iso4217:USD,"24,083",6,,-6,24083000000.0,24.083,True
2024-05-31,2024-06-20,2025-04-01,0000950170-24-075605,C:\AI_Stock_Agent\data\sec_filings\ORCL\000095017024075605\orcl-20240531.htm,us-gaap:OperatingIncomeLoss,us-gaap,OperatingIncomeLoss,C_656fd22c-3402-4433-b6c9-193812c3fb3d,2021-06-01,2022-05-31,,True,srt:ConsolidationItemsAxis=us-gaap:OperatingSegmentsMember | us-gaap:StatementBusinessSegmentsAxis=orcl:HardwareBusinessMember,U_USD,iso4217:USD,"1,878",6,,-6,1878000000.0,1.878,True
2024-05-31,2024-06-20,2025-04-01,0000950170-24-075605,C:\AI_Stock_Agent\data\sec_filings\ORCL\000095017024075605\orcl-20240531.htm,us-gaap:OperatingIncomeLoss,us-gaap,OperatingIncomeLoss,C_dde92738-2efb-44d3-b39c-0e4b75573f83,2021-06-01,2022-05-31,,False,,U_USD,iso4217:USD,"10,926",6,,-6,10926000000.0,10.926,True
2024-05-31,2024-06-20,2025-04-01,0000950170-24-075605,C:\AI_Stock_Agent\data\sec_filings\ORCL\000095017024075605\orcl-20240531.htm,us-gaap:OperatingIncomeLoss,us-gaap,OperatingIncomeLoss,C_f1fd8081-4fb6-4701-b9df-08c3a607db35,2021-06-01,2022-05-31,,True,srt:ConsolidationItemsAxis=us-gaap:OperatingSegmentsMember | us-gaap:StatementBusinessSegmentsAxis=orcl:ServicesBusinessMember,U_USD,iso4217:USD,666,6,,-6,666000000.0,0.666,True
2024-05-31,2024-06-20,2025-04-01,0000950170-24-075605,C:\AI_Stock_Agent\data\sec_filings\ORCL\000095017024075605\orcl-20240531.htm,us-gaap:OperatingIncomeLoss,us-gaap,OperatingIncomeLoss,C_2cbd6966-bf56-4e76-8de2-234d3939b5f0,2022-06-01,2023-05-31,,True,srt:ConsolidationItemsAxis=us-gaap:OperatingSegmentsMember | us-gaap:StatementBusinessSegmentsAxis=orcl:CloudAndLicenseBusinessMember,U_USD,iso4217:USD,"26,126",6,,-6,26126000000.0,26.126,True
2024-05-31,2024-06-20,2025-04-01,0000950170-24-075605,C:\AI_Stock_Agent\data\sec_filings\ORCL\000095017024075605\orcl-20240531.htm,us-gaap:OperatingIncomeLoss,us-gaap,OperatingIncomeLoss,C_3ad617f5-f059-45f5-b802-3503871a3e63,2022-06-01,2023-05-31,,True,srt:ConsolidationItemsAxis=us-gaap:OperatingSegmentsMember,U_USD,iso4217:USD,"29,162",6,,-6,29162000000.0,29.162,True
2024-05-31,2024-06-20,2025-04-01,0000950170-24-075605,C:\AI_Stock_Agent\data\sec_filings\ORCL\000095017024075605\orcl-20240531.htm,us-gaap:OperatingIncomeLoss,us-gaap,OperatingIncomeLoss,C_3ad617f5-f059-45f5-b802-3503871a3e63,2022-06-01,2023-05-31,,True,srt:ConsolidationItemsAxis=us-gaap:OperatingSegmentsMember,U_USD,iso4217:USD,"29,162",6,,-6,29162000000.0,29.162,True
2024-05-31,2024-06-20,2025-04-01,0000950170-24-075605,C:\AI_Stock_Agent\data\sec_filings\ORCL\000095017024075605\orcl-20240531.htm,us-gaap:OperatingIncomeLoss,us-gaap,OperatingIncomeLoss,C_568359fe-5eb4-45aa-9323-820b2fbf9b76,2022-06-01,2023-05-31,,False,,U_USD,iso4217:USD,"13,093",6,,-6,13093000000.0,13.093,True
2024-05-31,2024-06-20,2025-04-01,0000950170-24-075605,C:\AI_Stock_Agent\data\sec_filings\ORCL\000095017024075605\orcl-20240531.htm,us-gaap:OperatingIncomeLoss,us-gaap,OperatingIncomeLoss,C_6deb1369-ee20-41c0-a429-1fff2e6cddf2,2022-06-01,2023-05-31,,True,srt:ConsolidationItemsAxis=us-gaap:OperatingSegmentsMember | us-gaap:StatementBusinessSegmentsAxis=orcl:HardwareBusinessMember,U_USD,iso4217:USD,"1,932",6,,-6,1932000000.0,1.932,True
2024-05-31,2024-06-20,2025-04-01,0000950170-24-075605,C:\AI_Stock_Agent\data\sec_filings\ORCL\000095017024075605\orcl-20240531.htm,us-gaap:OperatingIncomeLoss,us-gaap,OperatingIncomeLoss,C_a320f1a2-4c7a-42e7-a934-fa085c7fe715,2022-06-01,2023-05-31,,True,srt:ConsolidationItemsAxis=us-gaap:OperatingSegmentsMember | us-gaap:StatementBusinessSegmentsAxis=orcl:ServicesBusinessMember,U_USD,iso4217:USD,"1,104",6,,-6,1104000000.0,1.104,True
2024-05-31,2024-06-20,2025-04-01,0000950170-24-075605,C:\AI_Stock_Agent\data\sec_filings\ORCL\000095017024075605\orcl-20240531.htm,us-gaap:OperatingIncomeLoss,us-gaap,OperatingIncomeLoss,C_3ee51073-3011-457d-8179-8656acc1570c,2023-06-01,2024-05-31,,True,srt:ConsolidationItemsAxis=us-gaap:OperatingSegmentsMember | us-gaap:StatementBusinessSegmentsAxis=orcl:CloudAndLicenseBusinessMember,U_USD,iso4217:USD,"28,514",6,,-6,28514000000.0,28.514,True
2024-05-31,2024-06-20,2025-04-01,0000950170-24-075605,C:\AI_Stock_Agent\data\sec_filings\ORCL\000095017024075605\orcl-20240531.htm,us-gaap:OperatingIncomeLoss,us-gaap,OperatingIncomeLoss,C_6b80b0ed-ad46-419f-9d80-36739c35988b,2023-06-01,2024-05-31,,False,,U_USD,iso4217:USD,"15,353",6,,-6,15353000000.0,15.353,True
2024-05-31,2024-06-20,2025-04-01,0000950170-24-075605,C:\AI_Stock_Agent\data\sec_filings\ORCL\000095017024075605\orcl-20240531.htm,us-gaap:OperatingIncomeLoss,us-gaap,OperatingIncomeLoss,C_6d78a16d-b76a-487e-8ccb-90b4da1650c3,2023-06-01,2024-05-31,,True,srt:ConsolidationItemsAxis=us-gaap:OperatingSegmentsMember,U_USD,iso4217:USD,"31,345",6,,-6,31345000000.0,31.345,True
2024-05-31,2024-06-20,2025-04-01,0000950170-24-075605,C:\AI_Stock_Agent\data\sec_filings\ORCL\000095017024075605\orcl-20240531.htm,us-gaap:OperatingIncomeLoss,us-gaap,OperatingIncomeLoss,C_6d78a16d-b76a-487e-8ccb-90b4da1650c3,2023-06-01,2024-05-31,,True,srt:ConsolidationItemsAxis=us-gaap:OperatingSegmentsMember,U_USD,iso4217:USD,"31,345",6,,-6,31345000000.0,31.345,True
2024-05-31,2024-06-20,2025-04-01,0000950170-24-075605,C:\AI_Stock_Agent\data\sec_filings\ORCL\000095017024075605\orcl-20240531.htm,us-gaap:OperatingIncomeLoss,us-gaap,OperatingIncomeLoss,C_96790c92-b049-4121-b8b9-e3952410a2ae,2023-06-01,2024-05-31,,True,srt:ConsolidationItemsAxis=us-gaap:OperatingSegmentsMember | us-gaap:StatementBusinessSegmentsAxis=orcl:HardwareBusinessMember,U_USD,iso4217:USD,"1,915",6,,-6,1915000000.0,1.915,True
2024-05-31,2024-06-20,2025-04-01,0000950170-24-075605,C:\AI_Stock_Agent\data\sec_filings\ORCL\000095017024075605\orcl-20240531.htm,us-gaap:OperatingIncomeLoss,us-gaap,OperatingIncomeLoss,C_bbf553c4-0fdd-42c6-a9e4-65f565a34b74,2023-06-01,2024-05-31,,True,srt:ConsolidationItemsAxis=us-gaap:OperatingSegmentsMember | us-gaap:StatementBusinessSegmentsAxis=orcl:ServicesBusinessMember,U_USD,iso4217:USD,916,6,,-6,916000000.0,0.916,True
2024-05-31,2024-06-20,2025-04-01,0000950170-24-075605,C:\AI_Stock_Agent\data\sec_filings\ORCL\000095017024075605\orcl-20240531.htm,us-gaap:OtherNonoperatingIncomeExpense,us-gaap,OtherNonoperatingIncomeExpense,C_dde92738-2efb-44d3-b39c-0e4b75573f83,2021-06-01,2022-05-31,,False,,U_USD,iso4217:USD,86,6,-,-6,-86000000.0,-0.086,True
2024-05-31,2024-06-20,2025-04-01,0000950170-24-075605,C:\AI_Stock_Agent\data\sec_filings\ORCL\000095017024075605\orcl-20240531.htm,us-gaap:OtherNonoperatingIncomeExpense,us-gaap,OtherNonoperatingIncomeExpense,C_568359fe-5eb4-45aa-9323-820b2fbf9b76,2022-06-01,2023-05-31,,False,,U_USD,iso4217:USD,6,6,-,-6,-6000000.0,-0.006,True
2024-05-31,2024-06-20,2025-04-01,0000950170-24-075605,C:\AI_Stock_Agent\data\sec_filings\ORCL\000095017024075605\orcl-20240531.htm,us-gaap:OtherNonoperatingIncomeExpense,us-gaap,OtherNonoperatingIncomeExpense,C_6b80b0ed-ad46-419f-9d80-36739c35988b,2023-06-01,2024-05-31,,False,,U_USD,iso4217:USD,168,6,,-6,168000000.0,0.168,True
