ticker,fiscal_year_end,metric_name,root_cause_category,is_cascading_within_metric,affected_quarters,resolved_quarters,any_quarter_resolved,representative_error_text,reconciliation_difference,permitted_difference,fy_accession,warehouse_evidence_finding
CRWD,2022-01-31,capex,DIRECT_QUARTER_NOT_RESOLVED,False,Q1;Q2;Q3;Q4,,False,Q1 quarter-duration value did not resolve to a single deterministic fact,,,0001535527-22-000006,PLAUSIBLE_FACT_UNEXPECTED_CONTEXT_OR_DURATION
CRWD,2022-01-31,income_tax_expense,DIRECT_QUARTER_NOT_RESOLVED,False,Q1;Q2;Q3;Q4,,False,Q1 quarter-duration value did not resolve to a single deterministic fact,,,0001535527-22-000006,MULTIPLE_PLAUSIBLE_FACTS_AMBIGUOUS
CRWD,2022-01-31,operating_cash_flow,DIRECT_QUARTER_NOT_RESOLVED,False,Q1;Q2;Q3;Q4,,False,Q1 quarter-duration value did not resolve to a single deterministic fact,,,0001535527-22-000006,PLAUSIBLE_FACT_UNEXPECTED_CONTEXT_OR_DURATION
CRWD,2022-01-31,operating_income,DIRECT_QUARTER_NOT_RESOLVED,False,Q1;Q2;Q3;Q4,,False,Q1 quarter-duration value did not resolve to a single deterministic fact,,,0001535527-22-000006,PLAUSIBLE_FACT_UNEXPECTED_CONTEXT_OR_DURATION
CRWD,2022-01-31,pretax_income,CONCEPT_NOT_RESOLVED,False,Q1;Q2;Q3;Q4,,False,Q1: row not found — לא נמצאה אף שורת 'pretax_income' בתוך Statement role ראשי.,,,0001535527-22-000006,MULTIPLE_PLAUSIBLE_FACTS_AMBIGUOUS
CRWD,2022-01-31,revenue,DIRECT_QUARTER_NOT_RESOLVED,False,Q1;Q2;Q3;Q4,,False,Q1 quarter-duration value did not resolve to a single deterministic fact,,,0001535527-22-000006,MULTIPLE_PLAUSIBLE_FACTS_AMBIGUOUS
CRWD,2023-01-31,capex,DIRECT_QUARTER_NOT_RESOLVED,False,Q1;Q2;Q3;Q4,,False,Q1 quarter-duration value did not resolve to a single deterministic fact,,,0001535527-23-000008,PLAUSIBLE_FACT_UNEXPECTED_CONTEXT_OR_DURATION
CRWD,2023-01-31,income_tax_expense,DIRECT_QUARTER_NOT_RESOLVED,False,Q1;Q2;Q3;Q4,,False,Q1 quarter-duration value did not resolve to a single deterministic fact,,,0001535527-23-000008,MULTIPLE_PLAUSIBLE_FACTS_AMBIGUOUS
CRWD,2023-01-31,operating_cash_flow,DIRECT_QUARTER_NOT_RESOLVED,False,Q1;Q2;Q3;Q4,,False,Q1 quarter-duration value did not resolve to a single deterministic fact,,,0001535527-23-000008,PLAUSIBLE_FACT_UNEXPECTED_CONTEXT_OR_DURATION
CRWD,2023-01-31,operating_income,DIRECT_QUARTER_NOT_RESOLVED,False,Q1;Q2;Q3;Q4,,False,Q1 quarter-duration value did not resolve to a single deterministic fact,,,0001535527-23-000008,PLAUSIBLE_FACT_UNEXPECTED_CONTEXT_OR_DURATION
CRWD,2023-01-31,pretax_income,CONCEPT_NOT_RESOLVED,False,Q1;Q2;Q3;Q4,,False,Q1: row not found — לא נמצאה אף שורת 'pretax_income' בתוך Statement role ראשי.,,,0001535527-23-000008,MULTIPLE_PLAUSIBLE_FACTS_AMBIGUOUS
CRWD,2023-01-31,revenue,DIRECT_QUARTER_NOT_RESOLVED,False,Q1;Q2;Q3;Q4,,False,Q1 quarter-duration value did not resolve to a single deterministic fact,,,0001535527-23-000008,MULTIPLE_PLAUSIBLE_FACTS_AMBIGUOUS
CRWD,2024-01-31,capex,DIRECT_QUARTER_NOT_RESOLVED,False,Q1;Q2;Q3;Q4,,False,Q1 quarter-duration value did not resolve to a single deterministic fact,,,0001535527-24-000007,PLAUSIBLE_FACT_UNEXPECTED_CONTEXT_OR_DURATION
CRWD,2024-01-31,income_tax_expense,DIRECT_QUARTER_NOT_RESOLVED,False,Q1;Q2;Q3;Q4,,False,Q1 quarter-duration value did not resolve to a single deterministic fact,,,0001535527-24-000007,MULTIPLE_PLAUSIBLE_FACTS_AMBIGUOUS
CRWD,2024-01-31,operating_cash_flow,DIRECT_QUARTER_NOT_RESOLVED,False,Q1;Q2;Q3;Q4,,False,Q1 quarter-duration value did not resolve to a single deterministic fact,,,0001535527-24-000007,PLAUSIBLE_FACT_UNEXPECTED_CONTEXT_OR_DURATION
CRWD,2024-01-31,operating_income,DIRECT_QUARTER_NOT_RESOLVED,False,Q1;Q2;Q3;Q4,,False,Q1 quarter-duration value did not resolve to a single deterministic fact,,,0001535527-24-000007,PLAUSIBLE_FACT_UNEXPECTED_CONTEXT_OR_DURATION
CRWD,2024-01-31,pretax_income,DIRECT_QUARTER_NOT_RESOLVED,False,Q1;Q2;Q3;Q4,,False,Q1 quarter-duration value did not resolve to a single deterministic fact,,,0001535527-24-000007,MULTIPLE_PLAUSIBLE_FACTS_AMBIGUOUS
CRWD,2024-01-31,revenue,DIRECT_QUARTER_NOT_RESOLVED,False,Q1;Q2;Q3;Q4,,False,Q1 quarter-duration value did not resolve to a single deterministic fact,,,0001535527-24-000007,MULTIPLE_PLAUSIBLE_FACTS_AMBIGUOUS
CRWD,2026-01-31,capex,DIRECT_QUARTER_NOT_RESOLVED,False,Q1;Q2;Q3;Q4,,False,Q1 quarter-duration value did not resolve to a single deterministic fact,,,0001535527-26-000010,PLAUSIBLE_FACT_UNEXPECTED_CONTEXT_OR_DURATION
CRWD,2026-01-31,income_tax_expense,DIRECT_QUARTER_NOT_RESOLVED,False,Q1;Q2;Q3;Q4,,False,Q1 quarter-duration value did not resolve to a single deterministic fact,,,0001535527-26-000010,MULTIPLE_PLAUSIBLE_FACTS_AMBIGUOUS
CRWD,2026-01-31,operating_cash_flow,DIRECT_QUARTER_NOT_RESOLVED,False,Q1;Q2;Q3;Q4,,False,Q1 quarter-duration value did not resolve to a single deterministic fact,,,0001535527-26-000010,PLAUSIBLE_FACT_UNEXPECTED_CONTEXT_OR_DURATION
CRWD,2026-01-31,operating_income,DIRECT_QUARTER_NOT_RESOLVED,False,Q1;Q2;Q3;Q4,,False,Q1 quarter-duration value did not resolve to a single deterministic fact,,,0001535527-26-000010,PLAUSIBLE_FACT_UNEXPECTED_CONTEXT_OR_DURATION
CRWD,2026-01-31,pretax_income,DIRECT_QUARTER_NOT_RESOLVED,False,Q1;Q2;Q3;Q4,,False,Q1 quarter-duration value did not resolve to a single deterministic fact,,,0001535527-26-000010,MULTIPLE_PLAUSIBLE_FACTS_AMBIGUOUS
CRWD,2026-01-31,revenue,DIRECT_QUARTER_NOT_RESOLVED,False,Q1;Q2;Q3;Q4,,False,Q1 quarter-duration value did not resolve to a single deterministic fact,,,0001535527-26-000010,MULTIPLE_PLAUSIBLE_FACTS_AMBIGUOUS
GOOGL,2021-12-31,capex,YTD_FACT_NOT_RESOLVED,False,Q2;Q3;Q4,Q1,True,Q2: neither a direct quarter value nor a 6-month YTD value resolved deterministically,,,0001652044-22-000019,PLAUSIBLE_FACT_UNEXPECTED_CONTEXT_OR_DURATION
GOOGL,2021-12-31,operating_cash_flow,YTD_FACT_NOT_RESOLVED,False,Q2;Q3;Q4,Q1,True,Q2: neither a direct quarter value nor a 6-month YTD value resolved deterministically,,,0001652044-22-000019,PLAUSIBLE_FACT_UNEXPECTED_CONTEXT_OR_DURATION
GOOGL,2021-12-31,pretax_income,ANNUAL_ROW_NOT_RESOLVED,False,Q1;Q2;Q3;Q4,,False,FY: row not found — לא נמצאה אף שורת 'pretax_income' בתוך Statement role ראשי.,,,0001652044-22-000019,MULTIPLE_PLAUSIBLE_FACTS_AMBIGUOUS
GOOGL,2022-12-31,capex,YTD_FACT_NOT_RESOLVED,False,Q2;Q3;Q4,Q1,True,Q2: neither a direct quarter value nor a 6-month YTD value resolved deterministically,,,0001652044-23-000016,PLAUSIBLE_FACT_UNEXPECTED_CONTEXT_OR_DURATION
GOOGL,2022-12-31,operating_cash_flow,YTD_FACT_NOT_RESOLVED,False,Q2;Q3;Q4,Q1,True,Q2: neither a direct quarter value nor a 6-month YTD value resolved deterministically,,,0001652044-23-000016,PLAUSIBLE_FACT_UNEXPECTED_CONTEXT_OR_DURATION
GOOGL,2022-12-31,pretax_income,ANNUAL_ROW_NOT_RESOLVED,False,Q1;Q2;Q3;Q4,,False,FY: row not found — לא נמצאה אף שורת 'pretax_income' בתוך Statement role ראשי.,,,0001652044-23-000016,MULTIPLE_PLAUSIBLE_FACTS_AMBIGUOUS
GOOGL,2023-12-31,capex,YTD_FACT_NOT_RESOLVED,False,Q2;Q3;Q4,Q1,True,Q2: neither a direct quarter value nor a 6-month YTD value resolved deterministically,,,0001652044-24-000022,PLAUSIBLE_FACT_UNEXPECTED_CONTEXT_OR_DURATION
GOOGL,2023-12-31,operating_cash_flow,YTD_FACT_NOT_RESOLVED,False,Q2;Q3;Q4,Q1,True,Q2: neither a direct quarter value nor a 6-month YTD value resolved deterministically,,,0001652044-24-000022,PLAUSIBLE_FACT_UNEXPECTED_CONTEXT_OR_DURATION
GOOGL,2023-12-31,pretax_income,ANNUAL_ROW_NOT_RESOLVED,False,Q1;Q2;Q3;Q4,,False,FY: row not found — לא נמצאה אף שורת 'pretax_income' בתוך Statement role ראשי.,,,0001652044-24-000022,MULTIPLE_PLAUSIBLE_FACTS_AMBIGUOUS
GOOGL,2025-12-31,capex,YTD_FACT_NOT_RESOLVED,False,Q2;Q3;Q4,Q1,True,Q2: neither a direct quarter value nor a 6-month YTD value resolved deterministically,,,0001652044-26-000018,PLAUSIBLE_FACT_UNEXPECTED_CONTEXT_OR_DURATION
GOOGL,2025-12-31,operating_cash_flow,YTD_FACT_NOT_RESOLVED,False,Q2;Q3;Q4,Q1,True,Q2: neither a direct quarter value nor a 6-month YTD value resolved deterministically,,,0001652044-26-000018,PLAUSIBLE_FACT_UNEXPECTED_CONTEXT_OR_DURATION
META,2021-12-31,capex,YTD_FACT_NOT_RESOLVED,False,Q2;Q3;Q4,Q1,True,Q2: neither a direct quarter value nor a 6-month YTD value resolved deterministically,,,0001326801-22-000018,PLAUSIBLE_FACT_UNEXPECTED_CONTEXT_OR_DURATION
META,2021-12-31,operating_cash_flow,YTD_FACT_NOT_RESOLVED,False,Q2;Q3;Q4,Q1,True,Q2: neither a direct quarter value nor a 6-month YTD value resolved deterministically,,,0001326801-22-000018,PLAUSIBLE_FACT_UNEXPECTED_CONTEXT_OR_DURATION
META,2022-12-31,capex,YTD_FACT_NOT_RESOLVED,False,Q2;Q3;Q4,Q1,True,Q2: neither a direct quarter value nor a 6-month YTD value resolved deterministically,,,0001326801-23-000013,PLAUSIBLE_FACT_UNEXPECTED_CONTEXT_OR_DURATION
META,2022-12-31,operating_cash_flow,YTD_FACT_NOT_RESOLVED,False,Q2;Q3;Q4,Q1,True,Q2: neither a direct quarter value nor a 6-month YTD value resolved deterministically,,,0001326801-23-000013,PLAUSIBLE_FACT_UNEXPECTED_CONTEXT_OR_DURATION
META,2022-12-31,revenue,CONCEPT_NOT_RESOLVED,False,Q1;Q2;Q3;Q4,,False,"Q3: row not found — לא ניתן לזהות שורת 'revenue' יחידה וחד-משמעית (מועמדים: 2, tier-B: 0).",,,0001326801-23-000013,MULTIPLE_PLAUSIBLE_FACTS_AMBIGUOUS
META,2023-12-31,capex,YTD_FACT_NOT_RESOLVED,False,Q2;Q3;Q4,Q1,True,Q2: neither a direct quarter value nor a 6-month YTD value resolved deterministically,,,0001326801-24-000012,PLAUSIBLE_FACT_UNEXPECTED_CONTEXT_OR_DURATION
META,2023-12-31,operating_cash_flow,YTD_FACT_NOT_RESOLVED,False,Q2;Q3;Q4,Q1,True,Q2: neither a direct quarter value nor a 6-month YTD value resolved deterministically,,,0001326801-24-000012,PLAUSIBLE_FACT_UNEXPECTED_CONTEXT_OR_DURATION
META,2023-12-31,revenue,CONCEPT_NOT_RESOLVED,False,Q1;Q2;Q3;Q4,,False,"Q1: row not found — לא ניתן לזהות שורת 'revenue' יחידה וחד-משמעית (מועמדים: 2, tier-B: 0).",,,0001326801-24-000012,MULTIPLE_PLAUSIBLE_FACTS_AMBIGUOUS
META,2024-12-31,revenue,CONCEPT_NOT_RESOLVED,False,Q1;Q2;Q3;Q4,,False,"Q1: row not found — לא ניתן לזהות שורת 'revenue' יחידה וחד-משמעית (מועמדים: 2, tier-B: 0).",,,0001326801-25-000017,MULTIPLE_PLAUSIBLE_FACTS_AMBIGUOUS
MU,2021-09-02,capex,ANNUAL_ROW_NOT_RESOLVED,False,Q1;Q2;Q3;Q4,,False,annual (FY) 12-month value did not resolve to a single deterministic fact,,,0000723125-21-000065,PLAUSIBLE_FACT_STANDARD_CONCEPT
MU,2021-09-02,income_tax_expense,ANNUAL_ROW_NOT_RESOLVED,False,Q1;Q2;Q3;Q4,,False,annual (FY) 12-month value did not resolve to a single deterministic fact,,,0000723125-21-000065,MULTIPLE_PLAUSIBLE_FACTS_AMBIGUOUS
MU,2021-09-02,operating_cash_flow,ANNUAL_ROW_NOT_RESOLVED,False,Q1;Q2;Q3;Q4,,False,annual (FY) 12-month value did not resolve to a single deterministic fact,,,0000723125-21-000065,PLAUSIBLE_FACT_STANDARD_CONCEPT
MU,2021-09-02,operating_income,ANNUAL_ROW_NOT_RESOLVED,False,Q1;Q2;Q3;Q4,,False,annual (FY) 12-month value did not resolve to a single deterministic fact,,,0000723125-21-000065,PLAUSIBLE_FACT_STANDARD_CONCEPT
MU,2021-09-02,pretax_income,CONCEPT_NOT_RESOLVED,False,Q1;Q2;Q3;Q4,,False,"Q1: row not found — לא ניתן לזהות שורת 'pretax_income' יחידה וחד-משמעית (מועמדים: 1, tier-B: 0).",,,0000723125-21-000065,MULTIPLE_PLAUSIBLE_FACTS_AMBIGUOUS
MU,2021-09-02,revenue,ANNUAL_ROW_NOT_RESOLVED,False,Q1;Q2;Q3;Q4,,False,annual (FY) 12-month value did not resolve to a single deterministic fact,,,0000723125-21-000065,MULTIPLE_PLAUSIBLE_FACTS_AMBIGUOUS
MU,2022-09-01,capex,ANNUAL_ROW_NOT_RESOLVED,False,Q1;Q2;Q3;Q4,,False,annual (FY) 12-month value did not resolve to a single deterministic fact,,,0000723125-22-000048,PLAUSIBLE_FACT_STANDARD_CONCEPT
MU,2022-09-01,income_tax_expense,ANNUAL_ROW_NOT_RESOLVED,False,Q1;Q2;Q3;Q4,,False,annual (FY) 12-month value did not resolve to a single deterministic fact,,,0000723125-22-000048,MULTIPLE_PLAUSIBLE_FACTS_AMBIGUOUS
MU,2022-09-01,operating_cash_flow,ANNUAL_ROW_NOT_RESOLVED,False,Q1;Q2;Q3;Q4,,False,annual (FY) 12-month value did not resolve to a single deterministic fact,,,0000723125-22-000048,PLAUSIBLE_FACT_STANDARD_CONCEPT
MU,2022-09-01,operating_income,ANNUAL_ROW_NOT_RESOLVED,False,Q1;Q2;Q3;Q4,,False,annual (FY) 12-month value did not resolve to a single deterministic fact,,,0000723125-22-000048,PLAUSIBLE_FACT_STANDARD_CONCEPT
MU,2022-09-01,pretax_income,CONCEPT_NOT_RESOLVED,False,Q1;Q2;Q3;Q4,,False,"Q1: row not found — לא ניתן לזהות שורת 'pretax_income' יחידה וחד-משמעית (מועמדים: 1, tier-B: 0).",,,0000723125-22-000048,MULTIPLE_PLAUSIBLE_FACTS_AMBIGUOUS
MU,2022-09-01,revenue,ANNUAL_ROW_NOT_RESOLVED,False,Q1;Q2;Q3;Q4,,False,annual (FY) 12-month value did not resolve to a single deterministic fact,,,0000723125-22-000048,MULTIPLE_PLAUSIBLE_FACTS_AMBIGUOUS
MU,2023-08-31,capex,ANNUAL_ROW_NOT_RESOLVED,False,Q1;Q2;Q3;Q4,,False,annual (FY) 12-month value did not resolve to a single deterministic fact,,,0000723125-23-000054,PLAUSIBLE_FACT_STANDARD_CONCEPT
MU,2023-08-31,income_tax_expense,ANNUAL_ROW_NOT_RESOLVED,False,Q1;Q2;Q3;Q4,,False,annual (FY) 12-month value did not resolve to a single deterministic fact,,,0000723125-23-000054,MULTIPLE_PLAUSIBLE_FACTS_AMBIGUOUS
MU,2023-08-31,operating_cash_flow,ANNUAL_ROW_NOT_RESOLVED,False,Q1;Q2;Q3;Q4,,False,annual (FY) 12-month value did not resolve to a single deterministic fact,,,0000723125-23-000054,PLAUSIBLE_FACT_STANDARD_CONCEPT
MU,2023-08-31,operating_income,ANNUAL_ROW_NOT_RESOLVED,False,Q1;Q2;Q3;Q4,,False,annual (FY) 12-month value did not resolve to a single deterministic fact,,,0000723125-23-000054,PLAUSIBLE_FACT_STANDARD_CONCEPT
MU,2023-08-31,pretax_income,CONCEPT_NOT_RESOLVED,False,Q1;Q2;Q3;Q4,,False,"Q1: row not found — לא ניתן לזהות שורת 'pretax_income' יחידה וחד-משמעית (מועמדים: 1, tier-B: 0).",,,0000723125-23-000054,MULTIPLE_PLAUSIBLE_FACTS_AMBIGUOUS
MU,2023-08-31,revenue,ANNUAL_ROW_NOT_RESOLVED,False,Q1;Q2;Q3;Q4,,False,annual (FY) 12-month value did not resolve to a single deterministic fact,,,0000723125-23-000054,MULTIPLE_PLAUSIBLE_FACTS_AMBIGUOUS
MU,2024-08-29,capex,ANNUAL_ROW_NOT_RESOLVED,False,Q1;Q2;Q3;Q4,,False,annual (FY) 12-month value did not resolve to a single deterministic fact,,,0000723125-24-000027,PLAUSIBLE_FACT_STANDARD_CONCEPT
MU,2024-08-29,income_tax_expense,ANNUAL_ROW_NOT_RESOLVED,False,Q1;Q2;Q3;Q4,,False,annual (FY) 12-month value did not resolve to a single deterministic fact,,,0000723125-24-000027,MULTIPLE_PLAUSIBLE_FACTS_AMBIGUOUS
MU,2024-08-29,operating_cash_flow,ANNUAL_ROW_NOT_RESOLVED,False,Q1;Q2;Q3;Q4,,False,annual (FY) 12-month value did not resolve to a single deterministic fact,,,0000723125-24-000027,PLAUSIBLE_FACT_STANDARD_CONCEPT
MU,2024-08-29,operating_income,ANNUAL_ROW_NOT_RESOLVED,False,Q1;Q2;Q3;Q4,,False,annual (FY) 12-month value did not resolve to a single deterministic fact,,,0000723125-24-000027,PLAUSIBLE_FACT_STANDARD_CONCEPT
MU,2024-08-29,pretax_income,ANNUAL_ROW_NOT_RESOLVED,False,Q1;Q2;Q3;Q4,,False,annual (FY) 12-month value did not resolve to a single deterministic fact,,,0000723125-24-000027,MULTIPLE_PLAUSIBLE_FACTS_AMBIGUOUS
MU,2024-08-29,revenue,ANNUAL_ROW_NOT_RESOLVED,False,Q1;Q2;Q3;Q4,,False,annual (FY) 12-month value did not resolve to a single deterministic fact,,,0000723125-24-000027,MULTIPLE_PLAUSIBLE_FACTS_AMBIGUOUS
MU,2025-08-28,capex,ANNUAL_ROW_NOT_RESOLVED,False,Q1;Q2;Q3;Q4,,False,annual (FY) 12-month value did not resolve to a single deterministic fact,,,0000723125-25-000028,PLAUSIBLE_FACT_STANDARD_CONCEPT
MU,2025-08-28,income_tax_expense,ANNUAL_ROW_NOT_RESOLVED,False,Q1;Q2;Q3;Q4,,False,annual (FY) 12-month value did not resolve to a single deterministic fact,,,0000723125-25-000028,MULTIPLE_PLAUSIBLE_FACTS_AMBIGUOUS
MU,2025-08-28,operating_cash_flow,ANNUAL_ROW_NOT_RESOLVED,False,Q1;Q2;Q3;Q4,,False,annual (FY) 12-month value did not resolve to a single deterministic fact,,,0000723125-25-000028,PLAUSIBLE_FACT_STANDARD_CONCEPT
MU,2025-08-28,operating_income,ANNUAL_ROW_NOT_RESOLVED,False,Q1;Q2;Q3;Q4,,False,annual (FY) 12-month value did not resolve to a single deterministic fact,,,0000723125-25-000028,PLAUSIBLE_FACT_STANDARD_CONCEPT
MU,2025-08-28,pretax_income,ANNUAL_ROW_NOT_RESOLVED,False,Q1;Q2;Q3;Q4,,False,annual (FY) 12-month value did not resolve to a single deterministic fact,,,0000723125-25-000028,MULTIPLE_PLAUSIBLE_FACTS_AMBIGUOUS
MU,2025-08-28,revenue,ANNUAL_ROW_NOT_RESOLVED,False,Q1;Q2;Q3;Q4,,False,annual (FY) 12-month value did not resolve to a single deterministic fact,,,0000723125-25-000028,MULTIPLE_PLAUSIBLE_FACTS_AMBIGUOUS
NVDA,2020-01-26,capex,CONCEPT_NOT_RESOLVED,False,Q1;Q2;Q3;Q4,,False,Q1: row not found — לא נמצאה אף שורת 'capex' בתוך Statement role ראשי.,,,0001045810-20-000010,NO_PLAUSIBLE_FACT_IN_FILING
NVDA,2020-01-26,income_tax_expense,CONCEPT_NOT_RESOLVED,False,Q1;Q2;Q3;Q4,,False,Q1: row not found — לא נמצאה אף שורת 'income_tax_expense' בתוך Statement role ראשי.,,,0001045810-20-000010,MULTIPLE_PLAUSIBLE_FACTS_AMBIGUOUS
NVDA,2020-01-26,operating_cash_flow,CONCEPT_NOT_RESOLVED,False,Q1;Q2;Q3;Q4,,False,Q1: row not found — לא נמצאה אף שורת 'operating_cash_flow' בתוך Statement role ראשי.,,,0001045810-20-000010,PLAUSIBLE_FACT_UNEXPECTED_CONTEXT_OR_DURATION
NVDA,2020-01-26,operating_income,CONCEPT_NOT_RESOLVED,False,Q1;Q2;Q3;Q4,,False,Q1: row not found — לא נמצאה אף שורת 'operating_income' בתוך Statement role ראשי.,,,0001045810-20-000010,PLAUSIBLE_FACT_UNEXPECTED_CONTEXT_OR_DURATION
NVDA,2020-01-26,pretax_income,CONCEPT_NOT_RESOLVED,False,Q1;Q2;Q3;Q4,,False,Q1: row not found — לא נמצאה אף שורת 'pretax_income' בתוך Statement role ראשי.,,,0001045810-20-000010,MULTIPLE_PLAUSIBLE_FACTS_AMBIGUOUS
NVDA,2020-01-26,revenue,CONCEPT_NOT_RESOLVED,False,Q1;Q2;Q3;Q4,,False,Q1: row not found — לא נמצאה אף שורת 'revenue' בתוך Statement role ראשי.,,,0001045810-20-000010,MULTIPLE_PLAUSIBLE_FACTS_AMBIGUOUS
NVDA,2021-01-31,capex,ANNUAL_ROW_NOT_RESOLVED,False,Q1;Q2;Q3;Q4,,False,annual (FY) 12-month value did not resolve to a single deterministic fact,,,0001045810-21-000010,NO_PLAUSIBLE_FACT_IN_FILING
NVDA,2021-01-31,income_tax_expense,ANNUAL_ROW_NOT_RESOLVED,False,Q1;Q2;Q3;Q4,,False,annual (FY) 12-month value did not resolve to a single deterministic fact,,,0001045810-21-000010,MULTIPLE_PLAUSIBLE_FACTS_AMBIGUOUS
NVDA,2021-01-31,operating_cash_flow,ANNUAL_ROW_NOT_RESOLVED,False,Q1;Q2;Q3;Q4,,False,annual (FY) 12-month value did not resolve to a single deterministic fact,,,0001045810-21-000010,PLAUSIBLE_FACT_STANDARD_CONCEPT
NVDA,2021-01-31,operating_income,ANNUAL_ROW_NOT_RESOLVED,False,Q1;Q2;Q3;Q4,,False,annual (FY) 12-month value did not resolve to a single deterministic fact,,,0001045810-21-000010,PLAUSIBLE_FACT_STANDARD_CONCEPT
NVDA,2021-01-31,pretax_income,ANNUAL_ROW_NOT_RESOLVED,False,Q1;Q2;Q3;Q4,,False,annual (FY) 12-month value did not resolve to a single deterministic fact,,,0001045810-21-000010,MULTIPLE_PLAUSIBLE_FACTS_AMBIGUOUS
NVDA,2021-01-31,revenue,ANNUAL_ROW_NOT_RESOLVED,False,Q1;Q2;Q3;Q4,,False,annual (FY) 12-month value did not resolve to a single deterministic fact,,,0001045810-21-000010,MULTIPLE_PLAUSIBLE_FACTS_AMBIGUOUS
NVDA,2022-01-30,capex,ANNUAL_ROW_NOT_RESOLVED,False,Q1;Q2;Q3;Q4,,False,annual (FY) 12-month value did not resolve to a single deterministic fact,,,0001045810-22-000036,NO_PLAUSIBLE_FACT_IN_FILING
NVDA,2022-01-30,income_tax_expense,ANNUAL_ROW_NOT_RESOLVED,False,Q1;Q2;Q3;Q4,,False,annual (FY) 12-month value did not resolve to a single deterministic fact,,,0001045810-22-000036,MULTIPLE_PLAUSIBLE_FACTS_AMBIGUOUS
NVDA,2022-01-30,operating_cash_flow,ANNUAL_ROW_NOT_RESOLVED,False,Q1;Q2;Q3;Q4,,False,annual (FY) 12-month value did not resolve to a single deterministic fact,,,0001045810-22-000036,PLAUSIBLE_FACT_STANDARD_CONCEPT
NVDA,2022-01-30,operating_income,ANNUAL_ROW_NOT_RESOLVED,False,Q1;Q2;Q3;Q4,,False,annual (FY) 12-month value did not resolve to a single deterministic fact,,,0001045810-22-000036,PLAUSIBLE_FACT_STANDARD_CONCEPT
NVDA,2022-01-30,pretax_income,ANNUAL_ROW_NOT_RESOLVED,False,Q1;Q2;Q3;Q4,,False,annual (FY) 12-month value did not resolve to a single deterministic fact,,,0001045810-22-000036,MULTIPLE_PLAUSIBLE_FACTS_AMBIGUOUS
NVDA,2022-01-30,revenue,ANNUAL_ROW_NOT_RESOLVED,False,Q1;Q2;Q3;Q4,,False,annual (FY) 12-month value did not resolve to a single deterministic fact,,,0001045810-22-000036,MULTIPLE_PLAUSIBLE_FACTS_AMBIGUOUS
NVDA,2023-01-29,capex,ANNUAL_ROW_NOT_RESOLVED,False,Q1;Q2;Q3;Q4,,False,annual (FY) 12-month value did not resolve to a single deterministic fact,,,0001045810-23-000017,NO_PLAUSIBLE_FACT_IN_FILING
NVDA,2023-01-29,income_tax_expense,ANNUAL_ROW_NOT_RESOLVED,False,Q1;Q2;Q3;Q4,,False,annual (FY) 12-month value did not resolve to a single deterministic fact,,,0001045810-23-000017,MULTIPLE_PLAUSIBLE_FACTS_AMBIGUOUS
NVDA,2023-01-29,operating_cash_flow,ANNUAL_ROW_NOT_RESOLVED,False,Q1;Q2;Q3;Q4,,False,annual (FY) 12-month value did not resolve to a single deterministic fact,,,0001045810-23-000017,PLAUSIBLE_FACT_STANDARD_CONCEPT
NVDA,2023-01-29,operating_income,ANNUAL_ROW_NOT_RESOLVED,False,Q1;Q2;Q3;Q4,,False,annual (FY) 12-month value did not resolve to a single deterministic fact,,,0001045810-23-000017,PLAUSIBLE_FACT_STANDARD_CONCEPT
NVDA,2023-01-29,pretax_income,ANNUAL_ROW_NOT_RESOLVED,False,Q1;Q2;Q3;Q4,,False,annual (FY) 12-month value did not resolve to a single deterministic fact,,,0001045810-23-000017,MULTIPLE_PLAUSIBLE_FACTS_AMBIGUOUS
NVDA,2023-01-29,revenue,ANNUAL_ROW_NOT_RESOLVED,False,Q1;Q2;Q3;Q4,,False,annual (FY) 12-month value did not resolve to a single deterministic fact,,,0001045810-23-000017,MULTIPLE_PLAUSIBLE_FACTS_AMBIGUOUS
NVDA,2024-01-28,capex,ANNUAL_ROW_NOT_RESOLVED,False,Q1;Q2;Q3;Q4,,False,annual (FY) 12-month value did not resolve to a single deterministic fact,,,0001045810-24-000029,PLAUSIBLE_FACT_STANDARD_CONCEPT
NVDA,2024-01-28,income_tax_expense,ANNUAL_ROW_NOT_RESOLVED,False,Q1;Q2;Q3;Q4,,False,annual (FY) 12-month value did not resolve to a single deterministic fact,,,0001045810-24-000029,MULTIPLE_PLAUSIBLE_FACTS_AMBIGUOUS
NVDA,2024-01-28,operating_cash_flow,ANNUAL_ROW_NOT_RESOLVED,False,Q1;Q2;Q3;Q4,,False,annual (FY) 12-month value did not resolve to a single deterministic fact,,,0001045810-24-000029,PLAUSIBLE_FACT_STANDARD_CONCEPT
NVDA,2024-01-28,operating_income,ANNUAL_ROW_NOT_RESOLVED,False,Q1;Q2;Q3;Q4,,False,annual (FY) 12-month value did not resolve to a single deterministic fact,,,0001045810-24-000029,PLAUSIBLE_FACT_STANDARD_CONCEPT
NVDA,2024-01-28,pretax_income,ANNUAL_ROW_NOT_RESOLVED,False,Q1;Q2;Q3;Q4,,False,annual (FY) 12-month value did not resolve to a single deterministic fact,,,0001045810-24-000029,MULTIPLE_PLAUSIBLE_FACTS_AMBIGUOUS
NVDA,2024-01-28,revenue,ANNUAL_ROW_NOT_RESOLVED,False,Q1;Q2;Q3;Q4,,False,annual (FY) 12-month value did not resolve to a single deterministic fact,,,0001045810-24-000029,MULTIPLE_PLAUSIBLE_FACTS_AMBIGUOUS
PANW,2021-07-31,pretax_income,CONCEPT_NOT_RESOLVED,False,Q1;Q2;Q3;Q4,,False,Q1: row not found — לא נמצאה אף שורת 'pretax_income' בתוך Statement role ראשי.,,,0001327567-21-000029,MULTIPLE_PLAUSIBLE_FACTS_AMBIGUOUS
PANW,2021-07-31,revenue,CONCEPT_NOT_RESOLVED,False,Q1;Q2;Q3;Q4,,False,"Q1: row not found — לא ניתן לזהות שורת 'revenue' יחידה וחד-משמעית (מועמדים: 2, tier-B: 0).",,,0001327567-21-000029,MULTIPLE_PLAUSIBLE_FACTS_AMBIGUOUS
PANW,2022-07-31,pretax_income,CONCEPT_NOT_RESOLVED,False,Q1;Q2;Q3;Q4,,False,Q1: row not found — לא נמצאה אף שורת 'pretax_income' בתוך Statement role ראשי.,,,0001327567-22-000028,MULTIPLE_PLAUSIBLE_FACTS_AMBIGUOUS
PANW,2022-07-31,revenue,CONCEPT_NOT_RESOLVED,False,Q1;Q2;Q3;Q4,,False,"Q1: row not found — לא ניתן לזהות שורת 'revenue' יחידה וחד-משמעית (מועמדים: 2, tier-B: 0).",,,0001327567-22-000028,MULTIPLE_PLAUSIBLE_FACTS_AMBIGUOUS
PANW,2023-07-31,revenue,CONCEPT_NOT_RESOLVED,False,Q1;Q2;Q3;Q4,,False,"Q1: row not found — לא ניתן לזהות שורת 'revenue' יחידה וחד-משמעית (מועמדים: 2, tier-B: 0).",,,0001327567-23-000024,MULTIPLE_PLAUSIBLE_FACTS_AMBIGUOUS
PANW,2024-07-31,revenue,CONCEPT_NOT_RESOLVED,False,Q1;Q2;Q3;Q4,,False,"Q1: row not found — לא ניתן לזהות שורת 'revenue' יחידה וחד-משמעית (מועמדים: 2, tier-B: 0).",,,0001327567-24-000029,MULTIPLE_PLAUSIBLE_FACTS_AMBIGUOUS
PANW,2025-07-31,revenue,CONCEPT_NOT_RESOLVED,False,Q1;Q2;Q3;Q4,,False,"Q1: row not found — לא ניתן לזהות שורת 'revenue' יחידה וחד-משמעית (מועמדים: 2, tier-B: 0).",,,0001327567-25-000027,MULTIPLE_PLAUSIBLE_FACTS_AMBIGUOUS
