ticker,report_date,fiscal_year,accession_number,metric_name,status,value,validation_reason,is_primary_root_item,root_metrics,root_causes
ORCL,2021-05-31,2021,0001564590-21-033616,effective_tax_rate,REVIEW_REQUIRED,-0.05746595891991692,"שיעור המס האפקטיבי המדווח (-0.05746595891991692) מחוץ לטווח הסביר [0, 1].",True,effective_tax_rate,effective_tax_rate::outside_plausible_range
ORCL,2021-05-31,2021,0001564590-21-033616,nopat,REVIEW_REQUIRED,,"לא ניתן לחשב מדד נגזר כי לא כל הרכיבים עברו PASS: {'operating_income': 'PASS', 'effective_tax_rate': 'REVIEW_REQUIRED'}",False,effective_tax_rate,effective_tax_rate::outside_plausible_range
ORCL,2021-05-31,2021,0001564590-21-033616,roic,REVIEW_REQUIRED,,"לא ניתן לחשב מדד נגזר כי לא כל הרכיבים עברו PASS: {'nopat': 'REVIEW_REQUIRED', 'average_invested_capital': 'PASS'}",False,effective_tax_rate,effective_tax_rate::outside_plausible_range
META,2020-12-31,2020,0001326801-21-000014,current_debt,REVIEW_REQUIRED,,current_debt = 0 לא הוסק (תנאי 2 לא הוכח): לא נמצא באופן חד-משמעי ביאור לוח פירעונות חוב (Debt Maturity Schedule) — לא ניתן לאשר תנאי 2.,True,current_debt,current_debt::zero_inference_role_not_found
META,2020-12-31,2020,0001326801-21-000014,long_term_debt,REVIEW_REQUIRED,,"לא נמצאה אף שורת 'long_term_debt' בתוך Statement role ראשי התואם לכללי ה-Role של המדד, וגם לא נמצאה שורת חוב לא-שוטף מועמדת לפי שרשרת ה-Ancestor (מדיניות D-019).",True,long_term_debt,long_term_debt::ancestry_confirmed_absent
META,2020-12-31,2020,0001326801-21-000014,total_debt,REVIEW_REQUIRED,,"לא ניתן לחשב מדד נגזר כי לא כל הרכיבים עברו PASS: {'current_debt': 'REVIEW_REQUIRED', 'long_term_debt': 'REVIEW_REQUIRED'}",False,current_debt;long_term_debt,current_debt::zero_inference_role_not_found;long_term_debt::ancestry_confirmed_absent
META,2020-12-31,2020,0001326801-21-000014,adjusted_net_debt,REVIEW_REQUIRED,,"לא ניתן לחשב מדד נגזר כי לא כל הרכיבים עברו PASS: {'total_debt': 'REVIEW_REQUIRED', 'cash_and_equivalents': 'PASS', 'short_term_investments': 'PASS'}",False,current_debt;long_term_debt,current_debt::zero_inference_role_not_found;long_term_debt::ancestry_confirmed_absent
META,2020-12-31,2020,0001326801-21-000014,invested_capital,REVIEW_REQUIRED,,"לא ניתן לחשב מדד נגזר כי לא כל הרכיבים עברו PASS: {'total_debt': 'REVIEW_REQUIRED', 'stockholders_equity': 'PASS', 'cash_and_equivalents': 'PASS', 'short_term_investments': 'PASS'}",False,current_debt;long_term_debt,current_debt::zero_inference_role_not_found;long_term_debt::ancestry_confirmed_absent
META,2020-12-31,2020,0001326801-21-000014,average_invested_capital,REVIEW_REQUIRED,,"לא ניתן לחשב מדד נגזר כי לא כל הרכיבים עברו PASS: {'invested_capital': 'REVIEW_REQUIRED', 'invested_capital_prior': 'REVIEW_REQUIRED'}",False,current_debt;long_term_debt;current_debt_prior;long_term_debt_prior,current_debt::zero_inference_role_not_found;long_term_debt::ancestry_confirmed_absent;current_debt_prior::zero_inference_role_not_found;long_term_debt_prior::ancestry_confirmed_absent
META,2020-12-31,2020,0001326801-21-000014,roic,REVIEW_REQUIRED,,"לא ניתן לחשב מדד נגזר כי לא כל הרכיבים עברו PASS: {'nopat': 'PASS', 'average_invested_capital': 'REVIEW_REQUIRED'}",False,current_debt;long_term_debt;current_debt_prior;long_term_debt_prior,current_debt::zero_inference_role_not_found;long_term_debt::ancestry_confirmed_absent;current_debt_prior::zero_inference_role_not_found;long_term_debt_prior::ancestry_confirmed_absent
META,2021-12-31,2021,0001326801-22-000018,current_debt,REVIEW_REQUIRED,,current_debt = 0 לא הוסק (תנאי 2 לא הוכח): לא נמצא באופן חד-משמעי ביאור לוח פירעונות חוב (Debt Maturity Schedule) — לא ניתן לאשר תנאי 2.,True,current_debt,current_debt::zero_inference_role_not_found
META,2021-12-31,2021,0001326801-22-000018,long_term_debt,REVIEW_REQUIRED,,"לא נמצאה אף שורת 'long_term_debt' בתוך Statement role ראשי התואם לכללי ה-Role של המדד, וגם לא נמצאה שורת חוב לא-שוטף מועמדת לפי שרשרת ה-Ancestor (מדיניות D-019).",True,long_term_debt,long_term_debt::ancestry_confirmed_absent
META,2021-12-31,2021,0001326801-22-000018,total_debt,REVIEW_REQUIRED,,"לא ניתן לחשב מדד נגזר כי לא כל הרכיבים עברו PASS: {'current_debt': 'REVIEW_REQUIRED', 'long_term_debt': 'REVIEW_REQUIRED'}",False,current_debt;long_term_debt,current_debt::zero_inference_role_not_found;long_term_debt::ancestry_confirmed_absent
META,2021-12-31,2021,0001326801-22-000018,adjusted_net_debt,REVIEW_REQUIRED,,"לא ניתן לחשב מדד נגזר כי לא כל הרכיבים עברו PASS: {'total_debt': 'REVIEW_REQUIRED', 'cash_and_equivalents': 'PASS', 'short_term_investments': 'PASS'}",False,current_debt;long_term_debt,current_debt::zero_inference_role_not_found;long_term_debt::ancestry_confirmed_absent
META,2021-12-31,2021,0001326801-22-000018,invested_capital,REVIEW_REQUIRED,,"לא ניתן לחשב מדד נגזר כי לא כל הרכיבים עברו PASS: {'total_debt': 'REVIEW_REQUIRED', 'stockholders_equity': 'PASS', 'cash_and_equivalents': 'PASS', 'short_term_investments': 'PASS'}",False,current_debt;long_term_debt,current_debt::zero_inference_role_not_found;long_term_debt::ancestry_confirmed_absent
META,2021-12-31,2021,0001326801-22-000018,average_invested_capital,REVIEW_REQUIRED,,"לא ניתן לחשב מדד נגזר כי לא כל הרכיבים עברו PASS: {'invested_capital': 'REVIEW_REQUIRED', 'invested_capital_prior': 'REVIEW_REQUIRED'}",False,current_debt;long_term_debt;current_debt_prior;long_term_debt_prior,current_debt::zero_inference_role_not_found;long_term_debt::ancestry_confirmed_absent;current_debt_prior::zero_inference_role_not_found;long_term_debt_prior::ancestry_confirmed_absent
META,2021-12-31,2021,0001326801-22-000018,roic,REVIEW_REQUIRED,,"לא ניתן לחשב מדד נגזר כי לא כל הרכיבים עברו PASS: {'nopat': 'PASS', 'average_invested_capital': 'REVIEW_REQUIRED'}",False,current_debt;long_term_debt;current_debt_prior;long_term_debt_prior,current_debt::zero_inference_role_not_found;long_term_debt::ancestry_confirmed_absent;current_debt_prior::zero_inference_role_not_found;long_term_debt_prior::ancestry_confirmed_absent
META,2022-12-31,2022,0001326801-23-000013,current_debt,REVIEW_REQUIRED,,"current_debt = 0 לא הוסק (תנאי 3 לא הוכח): סה""כ לוח הפירעונות (10000000000.0) אינו מתיישב עם long_term_debt מהמאזן (9923000000.0) — תנאי 3 לא הוכח.",True,current_debt,current_debt::zero_inference_total_mismatch_with_ltd
META,2022-12-31,2022,0001326801-23-000013,total_debt,REVIEW_REQUIRED,,"לא ניתן לחשב מדד נגזר כי לא כל הרכיבים עברו PASS: {'current_debt': 'REVIEW_REQUIRED', 'long_term_debt': 'PASS'}",False,current_debt,current_debt::zero_inference_total_mismatch_with_ltd
META,2022-12-31,2022,0001326801-23-000013,adjusted_net_debt,REVIEW_REQUIRED,,"לא ניתן לחשב מדד נגזר כי לא כל הרכיבים עברו PASS: {'total_debt': 'REVIEW_REQUIRED', 'cash_and_equivalents': 'PASS', 'short_term_investments': 'PASS'}",False,current_debt,current_debt::zero_inference_total_mismatch_with_ltd
META,2022-12-31,2022,0001326801-23-000013,invested_capital,REVIEW_REQUIRED,,"לא ניתן לחשב מדד נגזר כי לא כל הרכיבים עברו PASS: {'total_debt': 'REVIEW_REQUIRED', 'stockholders_equity': 'PASS', 'cash_and_equivalents': 'PASS', 'short_term_investments': 'PASS'}",False,current_debt,current_debt::zero_inference_total_mismatch_with_ltd
META,2022-12-31,2022,0001326801-23-000013,average_invested_capital,REVIEW_REQUIRED,,"לא ניתן לחשב מדד נגזר כי לא כל הרכיבים עברו PASS: {'invested_capital': 'REVIEW_REQUIRED', 'invested_capital_prior': 'REVIEW_REQUIRED'}",False,current_debt;current_debt_prior,current_debt::zero_inference_total_mismatch_with_ltd;current_debt_prior::zero_inference_prior_bucket_unreliable
META,2022-12-31,2022,0001326801-23-000013,roic,REVIEW_REQUIRED,,"לא ניתן לחשב מדד נגזר כי לא כל הרכיבים עברו PASS: {'nopat': 'PASS', 'average_invested_capital': 'REVIEW_REQUIRED'}",False,current_debt;current_debt_prior,current_debt::zero_inference_total_mismatch_with_ltd;current_debt_prior::zero_inference_prior_bucket_unreliable
META,2023-12-31,2023,0001326801-24-000012,current_debt,REVIEW_REQUIRED,,"current_debt = 0 לא הוסק (תנאי 3 לא הוכח): סה""כ לוח הפירעונות (18500000000.0) אינו מתיישב עם long_term_debt מהמאזן (18385000000.0) — תנאי 3 לא הוכח.",True,current_debt,current_debt::zero_inference_total_mismatch_with_ltd
META,2023-12-31,2023,0001326801-24-000012,total_debt,REVIEW_REQUIRED,,"לא ניתן לחשב מדד נגזר כי לא כל הרכיבים עברו PASS: {'current_debt': 'REVIEW_REQUIRED', 'long_term_debt': 'PASS'}",False,current_debt,current_debt::zero_inference_total_mismatch_with_ltd
META,2023-12-31,2023,0001326801-24-000012,adjusted_net_debt,REVIEW_REQUIRED,,"לא ניתן לחשב מדד נגזר כי לא כל הרכיבים עברו PASS: {'total_debt': 'REVIEW_REQUIRED', 'cash_and_equivalents': 'PASS', 'short_term_investments': 'PASS'}",False,current_debt,current_debt::zero_inference_total_mismatch_with_ltd
META,2023-12-31,2023,0001326801-24-000012,invested_capital,REVIEW_REQUIRED,,"לא ניתן לחשב מדד נגזר כי לא כל הרכיבים עברו PASS: {'total_debt': 'REVIEW_REQUIRED', 'stockholders_equity': 'PASS', 'cash_and_equivalents': 'PASS', 'short_term_investments': 'PASS'}",False,current_debt,current_debt::zero_inference_total_mismatch_with_ltd
META,2023-12-31,2023,0001326801-24-000012,average_invested_capital,REVIEW_REQUIRED,,"לא ניתן לחשב מדד נגזר כי לא כל הרכיבים עברו PASS: {'invested_capital': 'REVIEW_REQUIRED', 'invested_capital_prior': 'REVIEW_REQUIRED'}",False,current_debt;current_debt_prior,current_debt::zero_inference_total_mismatch_with_ltd;current_debt_prior::zero_inference_prior_bucket_unreliable
META,2023-12-31,2023,0001326801-24-000012,roic,REVIEW_REQUIRED,,"לא ניתן לחשב מדד נגזר כי לא כל הרכיבים עברו PASS: {'nopat': 'PASS', 'average_invested_capital': 'REVIEW_REQUIRED'}",False,current_debt;current_debt_prior,current_debt::zero_inference_total_mismatch_with_ltd;current_debt_prior::zero_inference_prior_bucket_unreliable
META,2024-12-31,2024,0001326801-25-000017,current_debt,REVIEW_REQUIRED,,"current_debt = 0 לא הוסק (תנאי 3 לא הוכח): סה""כ לוח הפירעונות (29000000000.0) אינו מתיישב עם long_term_debt מהמאזן (28826000000.0) — תנאי 3 לא הוכח.",True,current_debt,current_debt::zero_inference_total_mismatch_with_ltd
META,2024-12-31,2024,0001326801-25-000017,total_debt,REVIEW_REQUIRED,,"לא ניתן לחשב מדד נגזר כי לא כל הרכיבים עברו PASS: {'current_debt': 'REVIEW_REQUIRED', 'long_term_debt': 'PASS'}",False,current_debt,current_debt::zero_inference_total_mismatch_with_ltd
META,2024-12-31,2024,0001326801-25-000017,adjusted_net_debt,REVIEW_REQUIRED,,"לא ניתן לחשב מדד נגזר כי לא כל הרכיבים עברו PASS: {'total_debt': 'REVIEW_REQUIRED', 'cash_and_equivalents': 'PASS', 'short_term_investments': 'PASS'}",False,current_debt,current_debt::zero_inference_total_mismatch_with_ltd
META,2024-12-31,2024,0001326801-25-000017,invested_capital,REVIEW_REQUIRED,,"לא ניתן לחשב מדד נגזר כי לא כל הרכיבים עברו PASS: {'total_debt': 'REVIEW_REQUIRED', 'stockholders_equity': 'PASS', 'cash_and_equivalents': 'PASS', 'short_term_investments': 'PASS'}",False,current_debt,current_debt::zero_inference_total_mismatch_with_ltd
META,2024-12-31,2024,0001326801-25-000017,average_invested_capital,REVIEW_REQUIRED,,"לא ניתן לחשב מדד נגזר כי לא כל הרכיבים עברו PASS: {'invested_capital': 'REVIEW_REQUIRED', 'invested_capital_prior': 'REVIEW_REQUIRED'}",False,current_debt;current_debt_prior,current_debt::zero_inference_total_mismatch_with_ltd;current_debt_prior::zero_inference_prior_bucket_unreliable
META,2024-12-31,2024,0001326801-25-000017,roic,REVIEW_REQUIRED,,"לא ניתן לחשב מדד נגזר כי לא כל הרכיבים עברו PASS: {'nopat': 'PASS', 'average_invested_capital': 'REVIEW_REQUIRED'}",False,current_debt;current_debt_prior,current_debt::zero_inference_total_mismatch_with_ltd;current_debt_prior::zero_inference_prior_bucket_unreliable
NVDA,2020-01-26,2020,0001045810-20-000010,current_debt,REVIEW_REQUIRED,,current_debt = 0 לא הוסק (תנאי 2 לא הוכח): לא נמצא באופן חד-משמעי ביאור לוח פירעונות חוב (Debt Maturity Schedule) — לא ניתן לאשר תנאי 2.,True,current_debt,current_debt::zero_inference_role_not_found
NVDA,2020-01-26,2020,0001045810-20-000010,total_debt,REVIEW_REQUIRED,,"לא ניתן לחשב מדד נגזר כי לא כל הרכיבים עברו PASS: {'current_debt': 'REVIEW_REQUIRED', 'long_term_debt': 'PASS'}",False,current_debt,current_debt::zero_inference_role_not_found
NVDA,2020-01-26,2020,0001045810-20-000010,adjusted_net_debt,REVIEW_REQUIRED,,"לא ניתן לחשב מדד נגזר כי לא כל הרכיבים עברו PASS: {'total_debt': 'REVIEW_REQUIRED', 'cash_and_equivalents': 'PASS', 'short_term_investments': 'PASS'}",False,current_debt,current_debt::zero_inference_role_not_found
NVDA,2020-01-26,2020,0001045810-20-000010,invested_capital,REVIEW_REQUIRED,,"לא ניתן לחשב מדד נגזר כי לא כל הרכיבים עברו PASS: {'total_debt': 'REVIEW_REQUIRED', 'stockholders_equity': 'PASS', 'cash_and_equivalents': 'PASS', 'short_term_investments': 'PASS'}",False,current_debt,current_debt::zero_inference_role_not_found
NVDA,2020-01-26,2020,0001045810-20-000010,average_invested_capital,REVIEW_REQUIRED,,"לא ניתן לחשב מדד נגזר כי לא כל הרכיבים עברו PASS: {'invested_capital': 'REVIEW_REQUIRED', 'invested_capital_prior': 'REVIEW_REQUIRED'}",False,current_debt;current_debt_prior,current_debt::zero_inference_role_not_found;current_debt_prior::zero_inference_role_not_found
NVDA,2020-01-26,2020,0001045810-20-000010,roic,REVIEW_REQUIRED,,"לא ניתן לחשב מדד נגזר כי לא כל הרכיבים עברו PASS: {'nopat': 'PASS', 'average_invested_capital': 'REVIEW_REQUIRED'}",False,current_debt;current_debt_prior,current_debt::zero_inference_role_not_found;current_debt_prior::zero_inference_role_not_found
NVDA,2023-01-29,2023,0001045810-23-000017,effective_tax_rate,REVIEW_REQUIRED,-0.044726142071274816,"שיעור המס האפקטיבי המדווח (-0.044726142071274816) מחוץ לטווח הסביר [0, 1].",True,effective_tax_rate,effective_tax_rate::outside_plausible_range
NVDA,2023-01-29,2023,0001045810-23-000017,nopat,REVIEW_REQUIRED,,"לא ניתן לחשב מדד נגזר כי לא כל הרכיבים עברו PASS: {'operating_income': 'PASS', 'effective_tax_rate': 'REVIEW_REQUIRED'}",False,effective_tax_rate,effective_tax_rate::outside_plausible_range
NVDA,2023-01-29,2023,0001045810-23-000017,roic,REVIEW_REQUIRED,,"לא ניתן לחשב מדד נגזר כי לא כל הרכיבים עברו PASS: {'nopat': 'REVIEW_REQUIRED', 'average_invested_capital': 'PASS'}",False,effective_tax_rate,effective_tax_rate::outside_plausible_range
GOOGL,2021-12-31,2021,0001652044-22-000019,current_debt,REVIEW_REQUIRED,,current_debt = 0 לא הוסק (תנאי 2 לא הוכח): השורה המוקדמת ביותר בלוח הפירעונות ('2022') אינה אפס (187000000.0) — לא ניתן לאשר שאין סכום לפירעון תוך 12 חודשים.,True,current_debt,current_debt::zero_inference_earliest_bucket_nonzero
GOOGL,2021-12-31,2021,0001652044-22-000019,pretax_income,REVIEW_REQUIRED,,לא נמצאה אף שורת 'pretax_income' בתוך Statement role ראשי התואם לכללי ה-Role של המדד.,True,pretax_income,pretax_income::row_not_found
GOOGL,2021-12-31,2021,0001652044-22-000019,effective_tax_rate,REVIEW_REQUIRED,,"לא ניתן לחשב Effective Tax Rate כי לא כל הרכיבים עברו PASS: {'pretax_income': 'REVIEW_REQUIRED', 'income_tax_expense': 'PASS'}",False,pretax_income,pretax_income::row_not_found
GOOGL,2021-12-31,2021,0001652044-22-000019,total_debt,REVIEW_REQUIRED,,"לא ניתן לחשב מדד נגזר כי לא כל הרכיבים עברו PASS: {'current_debt': 'REVIEW_REQUIRED', 'long_term_debt': 'PASS'}",False,current_debt,current_debt::zero_inference_earliest_bucket_nonzero
GOOGL,2021-12-31,2021,0001652044-22-000019,adjusted_net_debt,REVIEW_REQUIRED,,"לא ניתן לחשב מדד נגזר כי לא כל הרכיבים עברו PASS: {'total_debt': 'REVIEW_REQUIRED', 'cash_and_equivalents': 'PASS', 'short_term_investments': 'PASS'}",False,current_debt,current_debt::zero_inference_earliest_bucket_nonzero
GOOGL,2021-12-31,2021,0001652044-22-000019,invested_capital,REVIEW_REQUIRED,,"לא ניתן לחשב מדד נגזר כי לא כל הרכיבים עברו PASS: {'total_debt': 'REVIEW_REQUIRED', 'stockholders_equity': 'PASS', 'cash_and_equivalents': 'PASS', 'short_term_investments': 'PASS'}",False,current_debt,current_debt::zero_inference_earliest_bucket_nonzero
GOOGL,2021-12-31,2021,0001652044-22-000019,nopat,REVIEW_REQUIRED,,"לא ניתן לחשב מדד נגזר כי לא כל הרכיבים עברו PASS: {'operating_income': 'PASS', 'effective_tax_rate': 'REVIEW_REQUIRED'}",False,pretax_income,pretax_income::row_not_found
GOOGL,2021-12-31,2021,0001652044-22-000019,average_invested_capital,REVIEW_REQUIRED,,"לא ניתן לחשב מדד נגזר כי לא כל הרכיבים עברו PASS: {'invested_capital': 'REVIEW_REQUIRED', 'invested_capital_prior': 'REVIEW_REQUIRED'}",False,current_debt;current_debt_prior,current_debt::zero_inference_earliest_bucket_nonzero;current_debt_prior::zero_inference_prior_bucket_unreliable
GOOGL,2021-12-31,2021,0001652044-22-000019,roic,REVIEW_REQUIRED,,"לא ניתן לחשב מדד נגזר כי לא כל הרכיבים עברו PASS: {'nopat': 'REVIEW_REQUIRED', 'average_invested_capital': 'REVIEW_REQUIRED'}",False,pretax_income;current_debt;current_debt_prior,pretax_income::row_not_found;current_debt::zero_inference_earliest_bucket_nonzero;current_debt_prior::zero_inference_prior_bucket_unreliable
GOOGL,2022-12-31,2022,0001652044-23-000016,current_debt,REVIEW_REQUIRED,,current_debt = 0 לא הוסק (תנאי 2 לא הוכח): השורה המוקדמת ביותר בלוח הפירעונות ('2023') אינה אפס (221000000.0) — לא ניתן לאשר שאין סכום לפירעון תוך 12 חודשים.,True,current_debt,current_debt::zero_inference_earliest_bucket_nonzero
GOOGL,2022-12-31,2022,0001652044-23-000016,pretax_income,REVIEW_REQUIRED,,לא נמצאה אף שורת 'pretax_income' בתוך Statement role ראשי התואם לכללי ה-Role של המדד.,True,pretax_income,pretax_income::row_not_found
GOOGL,2022-12-31,2022,0001652044-23-000016,effective_tax_rate,REVIEW_REQUIRED,,"לא ניתן לחשב Effective Tax Rate כי לא כל הרכיבים עברו PASS: {'pretax_income': 'REVIEW_REQUIRED', 'income_tax_expense': 'PASS'}",False,pretax_income,pretax_income::row_not_found
GOOGL,2022-12-31,2022,0001652044-23-000016,total_debt,REVIEW_REQUIRED,,"לא ניתן לחשב מדד נגזר כי לא כל הרכיבים עברו PASS: {'current_debt': 'REVIEW_REQUIRED', 'long_term_debt': 'PASS'}",False,current_debt,current_debt::zero_inference_earliest_bucket_nonzero
GOOGL,2022-12-31,2022,0001652044-23-000016,adjusted_net_debt,REVIEW_REQUIRED,,"לא ניתן לחשב מדד נגזר כי לא כל הרכיבים עברו PASS: {'total_debt': 'REVIEW_REQUIRED', 'cash_and_equivalents': 'PASS', 'short_term_investments': 'PASS'}",False,current_debt,current_debt::zero_inference_earliest_bucket_nonzero
GOOGL,2022-12-31,2022,0001652044-23-000016,invested_capital,REVIEW_REQUIRED,,"לא ניתן לחשב מדד נגזר כי לא כל הרכיבים עברו PASS: {'total_debt': 'REVIEW_REQUIRED', 'stockholders_equity': 'PASS', 'cash_and_equivalents': 'PASS', 'short_term_investments': 'PASS'}",False,current_debt,current_debt::zero_inference_earliest_bucket_nonzero
GOOGL,2022-12-31,2022,0001652044-23-000016,nopat,REVIEW_REQUIRED,,"לא ניתן לחשב מדד נגזר כי לא כל הרכיבים עברו PASS: {'operating_income': 'PASS', 'effective_tax_rate': 'REVIEW_REQUIRED'}",False,pretax_income,pretax_income::row_not_found
GOOGL,2022-12-31,2022,0001652044-23-000016,average_invested_capital,REVIEW_REQUIRED,,"לא ניתן לחשב מדד נגזר כי לא כל הרכיבים עברו PASS: {'invested_capital': 'REVIEW_REQUIRED', 'invested_capital_prior': 'REVIEW_REQUIRED'}",False,current_debt;current_debt_prior,current_debt::zero_inference_earliest_bucket_nonzero;current_debt_prior::zero_inference_prior_bucket_unreliable
GOOGL,2022-12-31,2022,0001652044-23-000016,roic,REVIEW_REQUIRED,,"לא ניתן לחשב מדד נגזר כי לא כל הרכיבים עברו PASS: {'nopat': 'REVIEW_REQUIRED', 'average_invested_capital': 'REVIEW_REQUIRED'}",False,pretax_income;current_debt;current_debt_prior,pretax_income::row_not_found;current_debt::zero_inference_earliest_bucket_nonzero;current_debt_prior::zero_inference_prior_bucket_unreliable
GOOGL,2023-12-31,2023,0001652044-24-000022,current_debt,REVIEW_REQUIRED,,current_debt = 0 לא הוסק (תנאי 2 לא הוכח): השורה המוקדמת ביותר בלוח הפירעונות ('2024') אינה אפס (1299000000.0) — לא ניתן לאשר שאין סכום לפירעון תוך 12 חודשים.,True,current_debt,current_debt::zero_inference_earliest_bucket_nonzero
GOOGL,2023-12-31,2023,0001652044-24-000022,pretax_income,REVIEW_REQUIRED,,לא נמצאה אף שורת 'pretax_income' בתוך Statement role ראשי התואם לכללי ה-Role של המדד.,True,pretax_income,pretax_income::row_not_found
GOOGL,2023-12-31,2023,0001652044-24-000022,effective_tax_rate,REVIEW_REQUIRED,,"לא ניתן לחשב Effective Tax Rate כי לא כל הרכיבים עברו PASS: {'pretax_income': 'REVIEW_REQUIRED', 'income_tax_expense': 'PASS'}",False,pretax_income,pretax_income::row_not_found
GOOGL,2023-12-31,2023,0001652044-24-000022,total_debt,REVIEW_REQUIRED,,"לא ניתן לחשב מדד נגזר כי לא כל הרכיבים עברו PASS: {'current_debt': 'REVIEW_REQUIRED', 'long_term_debt': 'PASS'}",False,current_debt,current_debt::zero_inference_earliest_bucket_nonzero
GOOGL,2023-12-31,2023,0001652044-24-000022,adjusted_net_debt,REVIEW_REQUIRED,,"לא ניתן לחשב מדד נגזר כי לא כל הרכיבים עברו PASS: {'total_debt': 'REVIEW_REQUIRED', 'cash_and_equivalents': 'PASS', 'short_term_investments': 'PASS'}",False,current_debt,current_debt::zero_inference_earliest_bucket_nonzero
GOOGL,2023-12-31,2023,0001652044-24-000022,invested_capital,REVIEW_REQUIRED,,"לא ניתן לחשב מדד נגזר כי לא כל הרכיבים עברו PASS: {'total_debt': 'REVIEW_REQUIRED', 'stockholders_equity': 'PASS', 'cash_and_equivalents': 'PASS', 'short_term_investments': 'PASS'}",False,current_debt,current_debt::zero_inference_earliest_bucket_nonzero
GOOGL,2023-12-31,2023,0001652044-24-000022,nopat,REVIEW_REQUIRED,,"לא ניתן לחשב מדד נגזר כי לא כל הרכיבים עברו PASS: {'operating_income': 'PASS', 'effective_tax_rate': 'REVIEW_REQUIRED'}",False,pretax_income,pretax_income::row_not_found
GOOGL,2023-12-31,2023,0001652044-24-000022,average_invested_capital,REVIEW_REQUIRED,,"לא ניתן לחשב מדד נגזר כי לא כל הרכיבים עברו PASS: {'invested_capital': 'REVIEW_REQUIRED', 'invested_capital_prior': 'REVIEW_REQUIRED'}",False,current_debt;current_debt_prior,current_debt::zero_inference_earliest_bucket_nonzero;current_debt_prior::zero_inference_prior_bucket_unreliable
GOOGL,2023-12-31,2023,0001652044-24-000022,roic,REVIEW_REQUIRED,,"לא ניתן לחשב מדד נגזר כי לא כל הרכיבים עברו PASS: {'nopat': 'REVIEW_REQUIRED', 'average_invested_capital': 'REVIEW_REQUIRED'}",False,pretax_income;current_debt;current_debt_prior,pretax_income::row_not_found;current_debt::zero_inference_earliest_bucket_nonzero;current_debt_prior::zero_inference_prior_bucket_unreliable
GOOGL,2024-12-31,2024,0001652044-25-000014,current_debt,REVIEW_REQUIRED,,current_debt = 0 לא הוסק (תנאי 2 לא הוכח): השורה המוקדמת ביותר בלוח הפירעונות ('2025') אינה אפס (1000000000.0) — לא ניתן לאשר שאין סכום לפירעון תוך 12 חודשים.,True,current_debt,current_debt::zero_inference_earliest_bucket_nonzero
GOOGL,2024-12-31,2024,0001652044-25-000014,total_debt,REVIEW_REQUIRED,,"לא ניתן לחשב מדד נגזר כי לא כל הרכיבים עברו PASS: {'current_debt': 'REVIEW_REQUIRED', 'long_term_debt': 'PASS'}",False,current_debt,current_debt::zero_inference_earliest_bucket_nonzero
GOOGL,2024-12-31,2024,0001652044-25-000014,adjusted_net_debt,REVIEW_REQUIRED,,"לא ניתן לחשב מדד נגזר כי לא כל הרכיבים עברו PASS: {'total_debt': 'REVIEW_REQUIRED', 'cash_and_equivalents': 'PASS', 'short_term_investments': 'PASS'}",False,current_debt,current_debt::zero_inference_earliest_bucket_nonzero
GOOGL,2024-12-31,2024,0001652044-25-000014,invested_capital,REVIEW_REQUIRED,,"לא ניתן לחשב מדד נגזר כי לא כל הרכיבים עברו PASS: {'total_debt': 'REVIEW_REQUIRED', 'stockholders_equity': 'PASS', 'cash_and_equivalents': 'PASS', 'short_term_investments': 'PASS'}",False,current_debt,current_debt::zero_inference_earliest_bucket_nonzero
GOOGL,2024-12-31,2024,0001652044-25-000014,average_invested_capital,REVIEW_REQUIRED,,"לא ניתן לחשב מדד נגזר כי לא כל הרכיבים עברו PASS: {'invested_capital': 'REVIEW_REQUIRED', 'invested_capital_prior': 'REVIEW_REQUIRED'}",False,current_debt;current_debt_prior,current_debt::zero_inference_earliest_bucket_nonzero;current_debt_prior::zero_inference_prior_bucket_unreliable
GOOGL,2024-12-31,2024,0001652044-25-000014,roic,REVIEW_REQUIRED,,"לא ניתן לחשב מדד נגזר כי לא כל הרכיבים עברו PASS: {'nopat': 'PASS', 'average_invested_capital': 'REVIEW_REQUIRED'}",False,current_debt;current_debt_prior,current_debt::zero_inference_earliest_bucket_nonzero;current_debt_prior::zero_inference_prior_bucket_unreliable
GOOGL,2025-12-31,2025,0001652044-26-000018,current_debt,REVIEW_REQUIRED,,current_debt = 0 לא הוסק (תנאי 2 לא הוכח): השורה המוקדמת ביותר בלוח הפירעונות ('2026') אינה אפס (2000000000.0) — לא ניתן לאשר שאין סכום לפירעון תוך 12 חודשים.,True,current_debt,current_debt::zero_inference_earliest_bucket_nonzero
GOOGL,2025-12-31,2025,0001652044-26-000018,total_debt,REVIEW_REQUIRED,,"לא ניתן לחשב מדד נגזר כי לא כל הרכיבים עברו PASS: {'current_debt': 'REVIEW_REQUIRED', 'long_term_debt': 'PASS'}",False,current_debt,current_debt::zero_inference_earliest_bucket_nonzero
GOOGL,2025-12-31,2025,0001652044-26-000018,adjusted_net_debt,REVIEW_REQUIRED,,"לא ניתן לחשב מדד נגזר כי לא כל הרכיבים עברו PASS: {'total_debt': 'REVIEW_REQUIRED', 'cash_and_equivalents': 'PASS', 'short_term_investments': 'PASS'}",False,current_debt,current_debt::zero_inference_earliest_bucket_nonzero
GOOGL,2025-12-31,2025,0001652044-26-000018,invested_capital,REVIEW_REQUIRED,,"לא ניתן לחשב מדד נגזר כי לא כל הרכיבים עברו PASS: {'total_debt': 'REVIEW_REQUIRED', 'stockholders_equity': 'PASS', 'cash_and_equivalents': 'PASS', 'short_term_investments': 'PASS'}",False,current_debt,current_debt::zero_inference_earliest_bucket_nonzero
GOOGL,2025-12-31,2025,0001652044-26-000018,average_invested_capital,REVIEW_REQUIRED,,"לא ניתן לחשב מדד נגזר כי לא כל הרכיבים עברו PASS: {'invested_capital': 'REVIEW_REQUIRED', 'invested_capital_prior': 'REVIEW_REQUIRED'}",False,current_debt;current_debt_prior,current_debt::zero_inference_earliest_bucket_nonzero;current_debt_prior::zero_inference_prior_bucket_unreliable
GOOGL,2025-12-31,2025,0001652044-26-000018,roic,REVIEW_REQUIRED,,"לא ניתן לחשב מדד נגזר כי לא כל הרכיבים עברו PASS: {'nopat': 'PASS', 'average_invested_capital': 'REVIEW_REQUIRED'}",False,current_debt;current_debt_prior,current_debt::zero_inference_earliest_bucket_nonzero;current_debt_prior::zero_inference_prior_bucket_unreliable
AMZN,2021-12-31,2021,0001018724-22-000005,current_debt,REVIEW_REQUIRED,,current_debt = 0 לא הוסק (תנאי 2 לא הוכח): השורה המוקדמת ביותר בלוח הפירעונות ('2022') אינה אפס (1493000000.0) — לא ניתן לאשר שאין סכום לפירעון תוך 12 חודשים.,True,current_debt,current_debt::zero_inference_earliest_bucket_nonzero
AMZN,2021-12-31,2021,0001018724-22-000005,total_debt,REVIEW_REQUIRED,,"לא ניתן לחשב מדד נגזר כי לא כל הרכיבים עברו PASS: {'current_debt': 'REVIEW_REQUIRED', 'long_term_debt': 'PASS'}",False,current_debt,current_debt::zero_inference_earliest_bucket_nonzero
AMZN,2021-12-31,2021,0001018724-22-000005,adjusted_net_debt,REVIEW_REQUIRED,,"לא ניתן לחשב מדד נגזר כי לא כל הרכיבים עברו PASS: {'total_debt': 'REVIEW_REQUIRED', 'cash_and_equivalents': 'PASS', 'short_term_investments': 'PASS'}",False,current_debt,current_debt::zero_inference_earliest_bucket_nonzero
AMZN,2021-12-31,2021,0001018724-22-000005,invested_capital,REVIEW_REQUIRED,,"לא ניתן לחשב מדד נגזר כי לא כל הרכיבים עברו PASS: {'total_debt': 'REVIEW_REQUIRED', 'stockholders_equity': 'PASS', 'cash_and_equivalents': 'PASS', 'short_term_investments': 'PASS'}",False,current_debt,current_debt::zero_inference_earliest_bucket_nonzero
AMZN,2021-12-31,2021,0001018724-22-000005,average_invested_capital,REVIEW_REQUIRED,,"לא ניתן לחשב מדד נגזר כי לא כל הרכיבים עברו PASS: {'invested_capital': 'REVIEW_REQUIRED', 'invested_capital_prior': 'REVIEW_REQUIRED'}",False,current_debt;current_debt_prior,current_debt::zero_inference_earliest_bucket_nonzero;current_debt_prior::zero_inference_prior_bucket_unreliable
AMZN,2021-12-31,2021,0001018724-22-000005,roic,REVIEW_REQUIRED,,"לא ניתן לחשב מדד נגזר כי לא כל הרכיבים עברו PASS: {'nopat': 'PASS', 'average_invested_capital': 'REVIEW_REQUIRED'}",False,current_debt;current_debt_prior,current_debt::zero_inference_earliest_bucket_nonzero;current_debt_prior::zero_inference_prior_bucket_unreliable
AMZN,2022-12-31,2022,0001018724-23-000004,current_debt,REVIEW_REQUIRED,,current_debt = 0 לא הוסק (תנאי 2 לא הוכח): השורה המוקדמת ביותר בלוח הפירעונות ('2023') אינה אפס (3000000000.0) — לא ניתן לאשר שאין סכום לפירעון תוך 12 חודשים.,True,current_debt,current_debt::zero_inference_earliest_bucket_nonzero
AMZN,2022-12-31,2022,0001018724-23-000004,effective_tax_rate,REVIEW_REQUIRED,,Pretax Income אינו חיובי (-5936000000.0) — לא ניתן לחשב שיעור מס אפקטיבי מהימן.,True,effective_tax_rate,effective_tax_rate::pretax_income_not_positive
AMZN,2022-12-31,2022,0001018724-23-000004,total_debt,REVIEW_REQUIRED,,"לא ניתן לחשב מדד נגזר כי לא כל הרכיבים עברו PASS: {'current_debt': 'REVIEW_REQUIRED', 'long_term_debt': 'PASS'}",False,current_debt,current_debt::zero_inference_earliest_bucket_nonzero
AMZN,2022-12-31,2022,0001018724-23-000004,adjusted_net_debt,REVIEW_REQUIRED,,"לא ניתן לחשב מדד נגזר כי לא כל הרכיבים עברו PASS: {'total_debt': 'REVIEW_REQUIRED', 'cash_and_equivalents': 'PASS', 'short_term_investments': 'PASS'}",False,current_debt,current_debt::zero_inference_earliest_bucket_nonzero
AMZN,2022-12-31,2022,0001018724-23-000004,invested_capital,REVIEW_REQUIRED,,"לא ניתן לחשב מדד נגזר כי לא כל הרכיבים עברו PASS: {'total_debt': 'REVIEW_REQUIRED', 'stockholders_equity': 'PASS', 'cash_and_equivalents': 'PASS', 'short_term_investments': 'PASS'}",False,current_debt,current_debt::zero_inference_earliest_bucket_nonzero
AMZN,2022-12-31,2022,0001018724-23-000004,nopat,REVIEW_REQUIRED,,"לא ניתן לחשב מדד נגזר כי לא כל הרכיבים עברו PASS: {'operating_income': 'PASS', 'effective_tax_rate': 'REVIEW_REQUIRED'}",False,effective_tax_rate,effective_tax_rate::pretax_income_not_positive
AMZN,2022-12-31,2022,0001018724-23-000004,average_invested_capital,REVIEW_REQUIRED,,"לא ניתן לחשב מדד נגזר כי לא כל הרכיבים עברו PASS: {'invested_capital': 'REVIEW_REQUIRED', 'invested_capital_prior': 'REVIEW_REQUIRED'}",False,current_debt;current_debt_prior,current_debt::zero_inference_earliest_bucket_nonzero;current_debt_prior::zero_inference_prior_bucket_unreliable
AMZN,2022-12-31,2022,0001018724-23-000004,roic,REVIEW_REQUIRED,,"לא ניתן לחשב מדד נגזר כי לא כל הרכיבים עברו PASS: {'nopat': 'REVIEW_REQUIRED', 'average_invested_capital': 'REVIEW_REQUIRED'}",False,effective_tax_rate;current_debt;current_debt_prior,effective_tax_rate::pretax_income_not_positive;current_debt::zero_inference_earliest_bucket_nonzero;current_debt_prior::zero_inference_prior_bucket_unreliable
AMZN,2023-12-31,2023,0001018724-24-000008,current_debt,REVIEW_REQUIRED,,current_debt = 0 לא הוסק (תנאי 2 לא הוכח): השורה המוקדמת ביותר בלוח הפירעונות ('2024') אינה אפס (8500000000.0) — לא ניתן לאשר שאין סכום לפירעון תוך 12 חודשים.,True,current_debt,current_debt::zero_inference_earliest_bucket_nonzero
AMZN,2023-12-31,2023,0001018724-24-000008,total_debt,REVIEW_REQUIRED,,"לא ניתן לחשב מדד נגזר כי לא כל הרכיבים עברו PASS: {'current_debt': 'REVIEW_REQUIRED', 'long_term_debt': 'PASS'}",False,current_debt,current_debt::zero_inference_earliest_bucket_nonzero
AMZN,2023-12-31,2023,0001018724-24-000008,adjusted_net_debt,REVIEW_REQUIRED,,"לא ניתן לחשב מדד נגזר כי לא כל הרכיבים עברו PASS: {'total_debt': 'REVIEW_REQUIRED', 'cash_and_equivalents': 'PASS', 'short_term_investments': 'PASS'}",False,current_debt,current_debt::zero_inference_earliest_bucket_nonzero
AMZN,2023-12-31,2023,0001018724-24-000008,invested_capital,REVIEW_REQUIRED,,"לא ניתן לחשב מדד נגזר כי לא כל הרכיבים עברו PASS: {'total_debt': 'REVIEW_REQUIRED', 'stockholders_equity': 'PASS', 'cash_and_equivalents': 'PASS', 'short_term_investments': 'PASS'}",False,current_debt,current_debt::zero_inference_earliest_bucket_nonzero
AMZN,2023-12-31,2023,0001018724-24-000008,average_invested_capital,REVIEW_REQUIRED,,"לא ניתן לחשב מדד נגזר כי לא כל הרכיבים עברו PASS: {'invested_capital': 'REVIEW_REQUIRED', 'invested_capital_prior': 'REVIEW_REQUIRED'}",False,current_debt;current_debt_prior,current_debt::zero_inference_earliest_bucket_nonzero;current_debt_prior::zero_inference_prior_bucket_unreliable
AMZN,2023-12-31,2023,0001018724-24-000008,roic,REVIEW_REQUIRED,,"לא ניתן לחשב מדד נגזר כי לא כל הרכיבים עברו PASS: {'nopat': 'PASS', 'average_invested_capital': 'REVIEW_REQUIRED'}",False,current_debt;current_debt_prior,current_debt::zero_inference_earliest_bucket_nonzero;current_debt_prior::zero_inference_prior_bucket_unreliable
AMZN,2024-12-31,2024,0001018724-25-000004,current_debt,REVIEW_REQUIRED,,current_debt = 0 לא הוסק (תנאי 2 לא הוכח): השורה המוקדמת ביותר בלוח הפירעונות ('2025') אינה אפס (5000000000.0) — לא ניתן לאשר שאין סכום לפירעון תוך 12 חודשים.,True,current_debt,current_debt::zero_inference_earliest_bucket_nonzero
AMZN,2024-12-31,2024,0001018724-25-000004,total_debt,REVIEW_REQUIRED,,"לא ניתן לחשב מדד נגזר כי לא כל הרכיבים עברו PASS: {'current_debt': 'REVIEW_REQUIRED', 'long_term_debt': 'PASS'}",False,current_debt,current_debt::zero_inference_earliest_bucket_nonzero
AMZN,2024-12-31,2024,0001018724-25-000004,adjusted_net_debt,REVIEW_REQUIRED,,"לא ניתן לחשב מדד נגזר כי לא כל הרכיבים עברו PASS: {'total_debt': 'REVIEW_REQUIRED', 'cash_and_equivalents': 'PASS', 'short_term_investments': 'PASS'}",False,current_debt,current_debt::zero_inference_earliest_bucket_nonzero
AMZN,2024-12-31,2024,0001018724-25-000004,invested_capital,REVIEW_REQUIRED,,"לא ניתן לחשב מדד נגזר כי לא כל הרכיבים עברו PASS: {'total_debt': 'REVIEW_REQUIRED', 'stockholders_equity': 'PASS', 'cash_and_equivalents': 'PASS', 'short_term_investments': 'PASS'}",False,current_debt,current_debt::zero_inference_earliest_bucket_nonzero
AMZN,2024-12-31,2024,0001018724-25-000004,average_invested_capital,REVIEW_REQUIRED,,"לא ניתן לחשב מדד נגזר כי לא כל הרכיבים עברו PASS: {'invested_capital': 'REVIEW_REQUIRED', 'invested_capital_prior': 'REVIEW_REQUIRED'}",False,current_debt;current_debt_prior,current_debt::zero_inference_earliest_bucket_nonzero;current_debt_prior::zero_inference_prior_bucket_unreliable
AMZN,2024-12-31,2024,0001018724-25-000004,roic,REVIEW_REQUIRED,,"לא ניתן לחשב מדד נגזר כי לא כל הרכיבים עברו PASS: {'nopat': 'PASS', 'average_invested_capital': 'REVIEW_REQUIRED'}",False,current_debt;current_debt_prior,current_debt::zero_inference_earliest_bucket_nonzero;current_debt_prior::zero_inference_prior_bucket_unreliable
AMZN,2025-12-31,2025,0001018724-26-000004,current_debt,REVIEW_REQUIRED,,current_debt = 0 לא הוסק (תנאי 2 לא הוכח): השורה המוקדמת ביותר בלוח הפירעונות ('2026') אינה אפס (2752000000.0) — לא ניתן לאשר שאין סכום לפירעון תוך 12 חודשים.,True,current_debt,current_debt::zero_inference_earliest_bucket_nonzero
AMZN,2025-12-31,2025,0001018724-26-000004,total_debt,REVIEW_REQUIRED,,"לא ניתן לחשב מדד נגזר כי לא כל הרכיבים עברו PASS: {'current_debt': 'REVIEW_REQUIRED', 'long_term_debt': 'PASS'}",False,current_debt,current_debt::zero_inference_earliest_bucket_nonzero
AMZN,2025-12-31,2025,0001018724-26-000004,adjusted_net_debt,REVIEW_REQUIRED,,"לא ניתן לחשב מדד נגזר כי לא כל הרכיבים עברו PASS: {'total_debt': 'REVIEW_REQUIRED', 'cash_and_equivalents': 'PASS', 'short_term_investments': 'PASS'}",False,current_debt,current_debt::zero_inference_earliest_bucket_nonzero
AMZN,2025-12-31,2025,0001018724-26-000004,invested_capital,REVIEW_REQUIRED,,"לא ניתן לחשב מדד נגזר כי לא כל הרכיבים עברו PASS: {'total_debt': 'REVIEW_REQUIRED', 'stockholders_equity': 'PASS', 'cash_and_equivalents': 'PASS', 'short_term_investments': 'PASS'}",False,current_debt,current_debt::zero_inference_earliest_bucket_nonzero
AMZN,2025-12-31,2025,0001018724-26-000004,average_invested_capital,REVIEW_REQUIRED,,"לא ניתן לחשב מדד נגזר כי לא כל הרכיבים עברו PASS: {'invested_capital': 'REVIEW_REQUIRED', 'invested_capital_prior': 'REVIEW_REQUIRED'}",False,current_debt;current_debt_prior,current_debt::zero_inference_earliest_bucket_nonzero;current_debt_prior::zero_inference_prior_bucket_unreliable
AMZN,2025-12-31,2025,0001018724-26-000004,roic,REVIEW_REQUIRED,,"לא ניתן לחשב מדד נגזר כי לא כל הרכיבים עברו PASS: {'nopat': 'PASS', 'average_invested_capital': 'REVIEW_REQUIRED'}",False,current_debt;current_debt_prior,current_debt::zero_inference_earliest_bucket_nonzero;current_debt_prior::zero_inference_prior_bucket_unreliable
MU,2021-09-02,2021,0000723125-21-000065,cash_and_equivalents,REVIEW_REQUIRED,,לא נמצאה אף שורת 'cash_and_equivalents' בתוך Statement role ראשי התואם לכללי ה-Role של המדד.,True,cash_and_equivalents,cash_and_equivalents::row_not_found
MU,2021-09-02,2021,0000723125-21-000065,pretax_income,REVIEW_REQUIRED,,"לא ניתן לזהות שורת 'pretax_income' יחידה וחד-משמעית.
מספר שורות מועמדות כוללות: 1, מתוכן 'attributable': 0, 'plain': 0",True,pretax_income,pretax_income::row_ambiguous
MU,2021-09-02,2021,0000723125-21-000065,effective_tax_rate,REVIEW_REQUIRED,,"לא ניתן לחשב Effective Tax Rate כי לא כל הרכיבים עברו PASS: {'pretax_income': 'REVIEW_REQUIRED', 'income_tax_expense': 'PASS'}",False,pretax_income,pretax_income::row_ambiguous
MU,2021-09-02,2021,0000723125-21-000065,adjusted_net_debt,REVIEW_REQUIRED,,"לא ניתן לחשב מדד נגזר כי לא כל הרכיבים עברו PASS: {'total_debt': 'PASS', 'cash_and_equivalents': 'REVIEW_REQUIRED', 'short_term_investments': 'PASS'}",False,cash_and_equivalents,cash_and_equivalents::row_not_found
MU,2021-09-02,2021,0000723125-21-000065,invested_capital,REVIEW_REQUIRED,,"לא ניתן לחשב מדד נגזר כי לא כל הרכיבים עברו PASS: {'total_debt': 'PASS', 'stockholders_equity': 'PASS', 'cash_and_equivalents': 'REVIEW_REQUIRED', 'short_term_investments': 'PASS'}",False,cash_and_equivalents,cash_and_equivalents::row_not_found
MU,2021-09-02,2021,0000723125-21-000065,nopat,REVIEW_REQUIRED,,"לא ניתן לחשב מדד נגזר כי לא כל הרכיבים עברו PASS: {'operating_income': 'PASS', 'effective_tax_rate': 'REVIEW_REQUIRED'}",False,pretax_income,pretax_income::row_ambiguous
MU,2021-09-02,2021,0000723125-21-000065,average_invested_capital,REVIEW_REQUIRED,,"לא ניתן לחשב מדד נגזר כי לא כל הרכיבים עברו PASS: {'invested_capital': 'REVIEW_REQUIRED', 'invested_capital_prior': 'REVIEW_REQUIRED'}",False,cash_and_equivalents;cash_and_equivalents_prior,cash_and_equivalents::row_not_found;cash_and_equivalents_prior::row_not_found
MU,2021-09-02,2021,0000723125-21-000065,roic,REVIEW_REQUIRED,,"לא ניתן לחשב מדד נגזר כי לא כל הרכיבים עברו PASS: {'nopat': 'REVIEW_REQUIRED', 'average_invested_capital': 'REVIEW_REQUIRED'}",False,pretax_income;cash_and_equivalents;cash_and_equivalents_prior,pretax_income::row_ambiguous;cash_and_equivalents::row_not_found;cash_and_equivalents_prior::row_not_found
MU,2022-09-01,2022,0000723125-22-000048,cash_and_equivalents,REVIEW_REQUIRED,,לא נמצאה אף שורת 'cash_and_equivalents' בתוך Statement role ראשי התואם לכללי ה-Role של המדד.,True,cash_and_equivalents,cash_and_equivalents::row_not_found
MU,2022-09-01,2022,0000723125-22-000048,pretax_income,REVIEW_REQUIRED,,"לא ניתן לזהות שורת 'pretax_income' יחידה וחד-משמעית.
מספר שורות מועמדות כוללות: 1, מתוכן 'attributable': 0, 'plain': 0",True,pretax_income,pretax_income::row_ambiguous
MU,2022-09-01,2022,0000723125-22-000048,effective_tax_rate,REVIEW_REQUIRED,,"לא ניתן לחשב Effective Tax Rate כי לא כל הרכיבים עברו PASS: {'pretax_income': 'REVIEW_REQUIRED', 'income_tax_expense': 'PASS'}",False,pretax_income,pretax_income::row_ambiguous
MU,2022-09-01,2022,0000723125-22-000048,adjusted_net_debt,REVIEW_REQUIRED,,"לא ניתן לחשב מדד נגזר כי לא כל הרכיבים עברו PASS: {'total_debt': 'PASS', 'cash_and_equivalents': 'REVIEW_REQUIRED', 'short_term_investments': 'PASS'}",False,cash_and_equivalents,cash_and_equivalents::row_not_found
MU,2022-09-01,2022,0000723125-22-000048,invested_capital,REVIEW_REQUIRED,,"לא ניתן לחשב מדד נגזר כי לא כל הרכיבים עברו PASS: {'total_debt': 'PASS', 'stockholders_equity': 'PASS', 'cash_and_equivalents': 'REVIEW_REQUIRED', 'short_term_investments': 'PASS'}",False,cash_and_equivalents,cash_and_equivalents::row_not_found
MU,2022-09-01,2022,0000723125-22-000048,nopat,REVIEW_REQUIRED,,"לא ניתן לחשב מדד נגזר כי לא כל הרכיבים עברו PASS: {'operating_income': 'PASS', 'effective_tax_rate': 'REVIEW_REQUIRED'}",False,pretax_income,pretax_income::row_ambiguous
MU,2022-09-01,2022,0000723125-22-000048,average_invested_capital,REVIEW_REQUIRED,,"לא ניתן לחשב מדד נגזר כי לא כל הרכיבים עברו PASS: {'invested_capital': 'REVIEW_REQUIRED', 'invested_capital_prior': 'REVIEW_REQUIRED'}",False,cash_and_equivalents;cash_and_equivalents_prior,cash_and_equivalents::row_not_found;cash_and_equivalents_prior::row_not_found
MU,2022-09-01,2022,0000723125-22-000048,roic,REVIEW_REQUIRED,,"לא ניתן לחשב מדד נגזר כי לא כל הרכיבים עברו PASS: {'nopat': 'REVIEW_REQUIRED', 'average_invested_capital': 'REVIEW_REQUIRED'}",False,pretax_income;cash_and_equivalents;cash_and_equivalents_prior,pretax_income::row_ambiguous;cash_and_equivalents::row_not_found;cash_and_equivalents_prior::row_not_found
MU,2023-08-31,2023,0000723125-23-000054,cash_and_equivalents,REVIEW_REQUIRED,,לא נמצאה אף שורת 'cash_and_equivalents' בתוך Statement role ראשי התואם לכללי ה-Role של המדד.,True,cash_and_equivalents,cash_and_equivalents::row_not_found
MU,2023-08-31,2023,0000723125-23-000054,effective_tax_rate,REVIEW_REQUIRED,,Pretax Income אינו חיובי (-5658000000.0) — לא ניתן לחשב שיעור מס אפקטיבי מהימן.,True,effective_tax_rate,effective_tax_rate::pretax_income_not_positive
MU,2023-08-31,2023,0000723125-23-000054,adjusted_net_debt,REVIEW_REQUIRED,,"לא ניתן לחשב מדד נגזר כי לא כל הרכיבים עברו PASS: {'total_debt': 'PASS', 'cash_and_equivalents': 'REVIEW_REQUIRED', 'short_term_investments': 'PASS'}",False,cash_and_equivalents,cash_and_equivalents::row_not_found
MU,2023-08-31,2023,0000723125-23-000054,invested_capital,REVIEW_REQUIRED,,"לא ניתן לחשב מדד נגזר כי לא כל הרכיבים עברו PASS: {'total_debt': 'PASS', 'stockholders_equity': 'PASS', 'cash_and_equivalents': 'REVIEW_REQUIRED', 'short_term_investments': 'PASS'}",False,cash_and_equivalents,cash_and_equivalents::row_not_found
MU,2023-08-31,2023,0000723125-23-000054,nopat,REVIEW_REQUIRED,,"לא ניתן לחשב מדד נגזר כי לא כל הרכיבים עברו PASS: {'operating_income': 'PASS', 'effective_tax_rate': 'REVIEW_REQUIRED'}",False,effective_tax_rate,effective_tax_rate::pretax_income_not_positive
MU,2023-08-31,2023,0000723125-23-000054,average_invested_capital,REVIEW_REQUIRED,,"לא ניתן לחשב מדד נגזר כי לא כל הרכיבים עברו PASS: {'invested_capital': 'REVIEW_REQUIRED', 'invested_capital_prior': 'REVIEW_REQUIRED'}",False,cash_and_equivalents;cash_and_equivalents_prior,cash_and_equivalents::row_not_found;cash_and_equivalents_prior::row_not_found
MU,2023-08-31,2023,0000723125-23-000054,roic,REVIEW_REQUIRED,,"לא ניתן לחשב מדד נגזר כי לא כל הרכיבים עברו PASS: {'nopat': 'REVIEW_REQUIRED', 'average_invested_capital': 'REVIEW_REQUIRED'}",False,effective_tax_rate;cash_and_equivalents;cash_and_equivalents_prior,effective_tax_rate::pretax_income_not_positive;cash_and_equivalents::row_not_found;cash_and_equivalents_prior::row_not_found
MU,2024-08-29,2024,0000723125-24-000027,cash_and_equivalents,REVIEW_REQUIRED,,לא נמצאה אף שורת 'cash_and_equivalents' בתוך Statement role ראשי התואם לכללי ה-Role של המדד.,True,cash_and_equivalents,cash_and_equivalents::row_not_found
MU,2024-08-29,2024,0000723125-24-000027,adjusted_net_debt,REVIEW_REQUIRED,,"לא ניתן לחשב מדד נגזר כי לא כל הרכיבים עברו PASS: {'total_debt': 'PASS', 'cash_and_equivalents': 'REVIEW_REQUIRED', 'short_term_investments': 'PASS'}",False,cash_and_equivalents,cash_and_equivalents::row_not_found
MU,2024-08-29,2024,0000723125-24-000027,invested_capital,REVIEW_REQUIRED,,"לא ניתן לחשב מדד נגזר כי לא כל הרכיבים עברו PASS: {'total_debt': 'PASS', 'stockholders_equity': 'PASS', 'cash_and_equivalents': 'REVIEW_REQUIRED', 'short_term_investments': 'PASS'}",False,cash_and_equivalents,cash_and_equivalents::row_not_found
MU,2024-08-29,2024,0000723125-24-000027,average_invested_capital,REVIEW_REQUIRED,,"לא ניתן לחשב מדד נגזר כי לא כל הרכיבים עברו PASS: {'invested_capital': 'REVIEW_REQUIRED', 'invested_capital_prior': 'REVIEW_REQUIRED'}",False,cash_and_equivalents;cash_and_equivalents_prior,cash_and_equivalents::row_not_found;cash_and_equivalents_prior::row_not_found
MU,2024-08-29,2024,0000723125-24-000027,roic,REVIEW_REQUIRED,,"לא ניתן לחשב מדד נגזר כי לא כל הרכיבים עברו PASS: {'nopat': 'PASS', 'average_invested_capital': 'REVIEW_REQUIRED'}",False,cash_and_equivalents;cash_and_equivalents_prior,cash_and_equivalents::row_not_found;cash_and_equivalents_prior::row_not_found
CRWD,2022-01-31,2022,0001535527-22-000006,current_debt,REVIEW_REQUIRED,,current_debt = 0 לא הוסק (תנאי 2 לא הוכח): לא נמצא באופן חד-משמעי ביאור לוח פירעונות חוב (Debt Maturity Schedule) — לא ניתן לאשר תנאי 2.,True,current_debt,current_debt::zero_inference_role_not_found
CRWD,2022-01-31,2022,0001535527-22-000006,pretax_income,REVIEW_REQUIRED,,לא נמצאה אף שורת 'pretax_income' בתוך Statement role ראשי התואם לכללי ה-Role של המדד.,True,pretax_income,pretax_income::row_not_found
CRWD,2022-01-31,2022,0001535527-22-000006,short_term_investments,REVIEW_REQUIRED,,לא נמצאה אף שורת 'short_term_investments' בתוך Statement role ראשי התואם לכללי ה-Role של המדד.,True,short_term_investments,short_term_investments::row_not_found
CRWD,2022-01-31,2022,0001535527-22-000006,effective_tax_rate,REVIEW_REQUIRED,,"לא ניתן לחשב Effective Tax Rate כי לא כל הרכיבים עברו PASS: {'pretax_income': 'REVIEW_REQUIRED', 'income_tax_expense': 'PASS'}",False,pretax_income,pretax_income::row_not_found
CRWD,2022-01-31,2022,0001535527-22-000006,total_debt,REVIEW_REQUIRED,,"לא ניתן לחשב מדד נגזר כי לא כל הרכיבים עברו PASS: {'current_debt': 'REVIEW_REQUIRED', 'long_term_debt': 'PASS'}",False,current_debt,current_debt::zero_inference_role_not_found
CRWD,2022-01-31,2022,0001535527-22-000006,adjusted_net_debt,REVIEW_REQUIRED,,"לא ניתן לחשב מדד נגזר כי לא כל הרכיבים עברו PASS: {'total_debt': 'REVIEW_REQUIRED', 'cash_and_equivalents': 'PASS', 'short_term_investments': 'REVIEW_REQUIRED'}",False,current_debt;short_term_investments,current_debt::zero_inference_role_not_found;short_term_investments::row_not_found
CRWD,2022-01-31,2022,0001535527-22-000006,invested_capital,REVIEW_REQUIRED,,"לא ניתן לחשב מדד נגזר כי לא כל הרכיבים עברו PASS: {'total_debt': 'REVIEW_REQUIRED', 'stockholders_equity': 'PASS', 'cash_and_equivalents': 'PASS', 'short_term_investments': 'REVIEW_REQUIRED'}",False,current_debt;short_term_investments,current_debt::zero_inference_role_not_found;short_term_investments::row_not_found
CRWD,2022-01-31,2022,0001535527-22-000006,nopat,REVIEW_REQUIRED,,"לא ניתן לחשב מדד נגזר כי לא כל הרכיבים עברו PASS: {'operating_income': 'PASS', 'effective_tax_rate': 'REVIEW_REQUIRED'}",False,pretax_income,pretax_income::row_not_found
CRWD,2022-01-31,2022,0001535527-22-000006,average_invested_capital,REVIEW_REQUIRED,,"לא ניתן לחשב מדד נגזר כי לא כל הרכיבים עברו PASS: {'invested_capital': 'REVIEW_REQUIRED', 'invested_capital_prior': 'REVIEW_REQUIRED'}",False,current_debt;short_term_investments;current_debt_prior;short_term_investments_prior,current_debt::zero_inference_role_not_found;short_term_investments::row_not_found;current_debt_prior::zero_inference_role_not_found;short_term_investments_prior::row_not_found
CRWD,2022-01-31,2022,0001535527-22-000006,roic,REVIEW_REQUIRED,,"לא ניתן לחשב מדד נגזר כי לא כל הרכיבים עברו PASS: {'nopat': 'REVIEW_REQUIRED', 'average_invested_capital': 'REVIEW_REQUIRED'}",False,pretax_income;current_debt;short_term_investments;current_debt_prior;short_term_investments_prior,pretax_income::row_not_found;current_debt::zero_inference_role_not_found;short_term_investments::row_not_found;current_debt_prior::zero_inference_role_not_found;short_term_investments_prior::row_not_found
CRWD,2023-01-31,2023,0001535527-23-000008,current_debt,REVIEW_REQUIRED,,current_debt = 0 לא הוסק (תנאי 2 לא הוכח): לא נמצא באופן חד-משמעי ביאור לוח פירעונות חוב (Debt Maturity Schedule) — לא ניתן לאשר תנאי 2.,True,current_debt,current_debt::zero_inference_role_not_found
CRWD,2023-01-31,2023,0001535527-23-000008,pretax_income,REVIEW_REQUIRED,,לא נמצאה אף שורת 'pretax_income' בתוך Statement role ראשי התואם לכללי ה-Role של המדד.,True,pretax_income,pretax_income::row_not_found
CRWD,2023-01-31,2023,0001535527-23-000008,effective_tax_rate,REVIEW_REQUIRED,,"לא ניתן לחשב Effective Tax Rate כי לא כל הרכיבים עברו PASS: {'pretax_income': 'REVIEW_REQUIRED', 'income_tax_expense': 'PASS'}",False,pretax_income,pretax_income::row_not_found
CRWD,2023-01-31,2023,0001535527-23-000008,total_debt,REVIEW_REQUIRED,,"לא ניתן לחשב מדד נגזר כי לא כל הרכיבים עברו PASS: {'current_debt': 'REVIEW_REQUIRED', 'long_term_debt': 'PASS'}",False,current_debt,current_debt::zero_inference_role_not_found
CRWD,2023-01-31,2023,0001535527-23-000008,adjusted_net_debt,REVIEW_REQUIRED,,"לא ניתן לחשב מדד נגזר כי לא כל הרכיבים עברו PASS: {'total_debt': 'REVIEW_REQUIRED', 'cash_and_equivalents': 'PASS', 'short_term_investments': 'PASS'}",False,current_debt,current_debt::zero_inference_role_not_found
CRWD,2023-01-31,2023,0001535527-23-000008,invested_capital,REVIEW_REQUIRED,,"לא ניתן לחשב מדד נגזר כי לא כל הרכיבים עברו PASS: {'total_debt': 'REVIEW_REQUIRED', 'stockholders_equity': 'PASS', 'cash_and_equivalents': 'PASS', 'short_term_investments': 'PASS'}",False,current_debt,current_debt::zero_inference_role_not_found
CRWD,2023-01-31,2023,0001535527-23-000008,nopat,REVIEW_REQUIRED,,"לא ניתן לחשב מדד נגזר כי לא כל הרכיבים עברו PASS: {'operating_income': 'PASS', 'effective_tax_rate': 'REVIEW_REQUIRED'}",False,pretax_income,pretax_income::row_not_found
CRWD,2023-01-31,2023,0001535527-23-000008,average_invested_capital,REVIEW_REQUIRED,,"לא ניתן לחשב מדד נגזר כי לא כל הרכיבים עברו PASS: {'invested_capital': 'REVIEW_REQUIRED', 'invested_capital_prior': 'REVIEW_REQUIRED'}",False,current_debt;current_debt_prior,current_debt::zero_inference_role_not_found;current_debt_prior::zero_inference_role_not_found
CRWD,2023-01-31,2023,0001535527-23-000008,roic,REVIEW_REQUIRED,,"לא ניתן לחשב מדד נגזר כי לא כל הרכיבים עברו PASS: {'nopat': 'REVIEW_REQUIRED', 'average_invested_capital': 'REVIEW_REQUIRED'}",False,pretax_income;current_debt;current_debt_prior,pretax_income::row_not_found;current_debt::zero_inference_role_not_found;current_debt_prior::zero_inference_role_not_found
CRWD,2024-01-31,2024,0001535527-24-000007,current_debt,REVIEW_REQUIRED,,current_debt = 0 לא הוסק (תנאי 2 לא הוכח): לא נמצא באופן חד-משמעי ביאור לוח פירעונות חוב (Debt Maturity Schedule) — לא ניתן לאשר תנאי 2.,True,current_debt,current_debt::zero_inference_role_not_found
CRWD,2024-01-31,2024,0001535527-24-000007,total_debt,REVIEW_REQUIRED,,"לא ניתן לחשב מדד נגזר כי לא כל הרכיבים עברו PASS: {'current_debt': 'REVIEW_REQUIRED', 'long_term_debt': 'PASS'}",False,current_debt,current_debt::zero_inference_role_not_found
CRWD,2024-01-31,2024,0001535527-24-000007,adjusted_net_debt,REVIEW_REQUIRED,,"לא ניתן לחשב מדד נגזר כי לא כל הרכיבים עברו PASS: {'total_debt': 'REVIEW_REQUIRED', 'cash_and_equivalents': 'PASS', 'short_term_investments': 'PASS'}",False,current_debt,current_debt::zero_inference_role_not_found
CRWD,2024-01-31,2024,0001535527-24-000007,invested_capital,REVIEW_REQUIRED,,"לא ניתן לחשב מדד נגזר כי לא כל הרכיבים עברו PASS: {'total_debt': 'REVIEW_REQUIRED', 'stockholders_equity': 'PASS', 'cash_and_equivalents': 'PASS', 'short_term_investments': 'PASS'}",False,current_debt,current_debt::zero_inference_role_not_found
CRWD,2024-01-31,2024,0001535527-24-000007,average_invested_capital,REVIEW_REQUIRED,,"לא ניתן לחשב מדד נגזר כי לא כל הרכיבים עברו PASS: {'invested_capital': 'REVIEW_REQUIRED', 'invested_capital_prior': 'REVIEW_REQUIRED'}",False,current_debt;current_debt_prior,current_debt::zero_inference_role_not_found;current_debt_prior::zero_inference_role_not_found
CRWD,2024-01-31,2024,0001535527-24-000007,roic,REVIEW_REQUIRED,,"לא ניתן לחשב מדד נגזר כי לא כל הרכיבים עברו PASS: {'nopat': 'PASS', 'average_invested_capital': 'REVIEW_REQUIRED'}",False,current_debt;current_debt_prior,current_debt::zero_inference_role_not_found;current_debt_prior::zero_inference_role_not_found
CRWD,2025-01-31,2025,0001535527-25-000009,current_debt,REVIEW_REQUIRED,,current_debt = 0 לא הוסק (תנאי 2 לא הוכח): לא נמצא באופן חד-משמעי ביאור לוח פירעונות חוב (Debt Maturity Schedule) — לא ניתן לאשר תנאי 2.,True,current_debt,current_debt::zero_inference_role_not_found
CRWD,2025-01-31,2025,0001535527-25-000009,effective_tax_rate,REVIEW_REQUIRED,1.3043239080206843,"שיעור המס האפקטיבי המדווח (1.3043239080206843) מחוץ לטווח הסביר [0, 1].",True,effective_tax_rate,effective_tax_rate::outside_plausible_range
CRWD,2025-01-31,2025,0001535527-25-000009,total_debt,REVIEW_REQUIRED,,"לא ניתן לחשב מדד נגזר כי לא כל הרכיבים עברו PASS: {'current_debt': 'REVIEW_REQUIRED', 'long_term_debt': 'PASS'}",False,current_debt,current_debt::zero_inference_role_not_found
CRWD,2025-01-31,2025,0001535527-25-000009,adjusted_net_debt,REVIEW_REQUIRED,,"לא ניתן לחשב מדד נגזר כי לא כל הרכיבים עברו PASS: {'total_debt': 'REVIEW_REQUIRED', 'cash_and_equivalents': 'PASS', 'short_term_investments': 'PASS'}",False,current_debt,current_debt::zero_inference_role_not_found
CRWD,2025-01-31,2025,0001535527-25-000009,invested_capital,REVIEW_REQUIRED,,"לא ניתן לחשב מדד נגזר כי לא כל הרכיבים עברו PASS: {'total_debt': 'REVIEW_REQUIRED', 'stockholders_equity': 'PASS', 'cash_and_equivalents': 'PASS', 'short_term_investments': 'PASS'}",False,current_debt,current_debt::zero_inference_role_not_found
CRWD,2025-01-31,2025,0001535527-25-000009,nopat,REVIEW_REQUIRED,,"לא ניתן לחשב מדד נגזר כי לא כל הרכיבים עברו PASS: {'operating_income': 'PASS', 'effective_tax_rate': 'REVIEW_REQUIRED'}",False,effective_tax_rate,effective_tax_rate::outside_plausible_range
CRWD,2025-01-31,2025,0001535527-25-000009,average_invested_capital,REVIEW_REQUIRED,,"לא ניתן לחשב מדד נגזר כי לא כל הרכיבים עברו PASS: {'invested_capital': 'REVIEW_REQUIRED', 'invested_capital_prior': 'REVIEW_REQUIRED'}",False,current_debt;current_debt_prior,current_debt::zero_inference_role_not_found;current_debt_prior::zero_inference_role_not_found
CRWD,2025-01-31,2025,0001535527-25-000009,roic,REVIEW_REQUIRED,,"לא ניתן לחשב מדד נגזר כי לא כל הרכיבים עברו PASS: {'nopat': 'REVIEW_REQUIRED', 'average_invested_capital': 'REVIEW_REQUIRED'}",False,effective_tax_rate;current_debt;current_debt_prior,effective_tax_rate::outside_plausible_range;current_debt::zero_inference_role_not_found;current_debt_prior::zero_inference_role_not_found
CRWD,2026-01-31,2026,0001535527-26-000010,current_debt,REVIEW_REQUIRED,,current_debt = 0 לא הוסק (תנאי 2 לא הוכח): לא נמצא באופן חד-משמעי ביאור לוח פירעונות חוב (Debt Maturity Schedule) — לא ניתן לאשר תנאי 2.,True,current_debt,current_debt::zero_inference_role_not_found
CRWD,2026-01-31,2026,0001535527-26-000010,short_term_investments,REVIEW_REQUIRED,,לא נמצאה אף שורת 'short_term_investments' בתוך Statement role ראשי התואם לכללי ה-Role של המדד.,True,short_term_investments,short_term_investments::row_not_found
CRWD,2026-01-31,2026,0001535527-26-000010,effective_tax_rate,REVIEW_REQUIRED,,Pretax Income אינו חיובי (-126989000.0) — לא ניתן לחשב שיעור מס אפקטיבי מהימן.,True,effective_tax_rate,effective_tax_rate::pretax_income_not_positive
CRWD,2026-01-31,2026,0001535527-26-000010,total_debt,REVIEW_REQUIRED,,"לא ניתן לחשב מדד נגזר כי לא כל הרכיבים עברו PASS: {'current_debt': 'REVIEW_REQUIRED', 'long_term_debt': 'PASS'}",False,current_debt,current_debt::zero_inference_role_not_found
CRWD,2026-01-31,2026,0001535527-26-000010,adjusted_net_debt,REVIEW_REQUIRED,,"לא ניתן לחשב מדד נגזר כי לא כל הרכיבים עברו PASS: {'total_debt': 'REVIEW_REQUIRED', 'cash_and_equivalents': 'PASS', 'short_term_investments': 'REVIEW_REQUIRED'}",False,current_debt;short_term_investments,current_debt::zero_inference_role_not_found;short_term_investments::row_not_found
CRWD,2026-01-31,2026,0001535527-26-000010,invested_capital,REVIEW_REQUIRED,,"לא ניתן לחשב מדד נגזר כי לא כל הרכיבים עברו PASS: {'total_debt': 'REVIEW_REQUIRED', 'stockholders_equity': 'PASS', 'cash_and_equivalents': 'PASS', 'short_term_investments': 'REVIEW_REQUIRED'}",False,current_debt;short_term_investments,current_debt::zero_inference_role_not_found;short_term_investments::row_not_found
CRWD,2026-01-31,2026,0001535527-26-000010,nopat,REVIEW_REQUIRED,,"לא ניתן לחשב מדד נגזר כי לא כל הרכיבים עברו PASS: {'operating_income': 'PASS', 'effective_tax_rate': 'REVIEW_REQUIRED'}",False,effective_tax_rate,effective_tax_rate::pretax_income_not_positive
CRWD,2026-01-31,2026,0001535527-26-000010,average_invested_capital,REVIEW_REQUIRED,,"לא ניתן לחשב מדד נגזר כי לא כל הרכיבים עברו PASS: {'invested_capital': 'REVIEW_REQUIRED', 'invested_capital_prior': 'REVIEW_REQUIRED'}",False,current_debt;short_term_investments;current_debt_prior;short_term_investments_prior,current_debt::zero_inference_role_not_found;short_term_investments::row_not_found;current_debt_prior::zero_inference_role_not_found;short_term_investments_prior::row_not_found
CRWD,2026-01-31,2026,0001535527-26-000010,roic,REVIEW_REQUIRED,,"לא ניתן לחשב מדד נגזר כי לא כל הרכיבים עברו PASS: {'nopat': 'REVIEW_REQUIRED', 'average_invested_capital': 'REVIEW_REQUIRED'}",False,effective_tax_rate;current_debt;short_term_investments;current_debt_prior;short_term_investments_prior,effective_tax_rate::pretax_income_not_positive;current_debt::zero_inference_role_not_found;short_term_investments::row_not_found;current_debt_prior::zero_inference_role_not_found;short_term_investments_prior::row_not_found
PANW,2021-07-31,2021,0001327567-21-000029,cash_and_equivalents,REVIEW_REQUIRED,,"לא ניתן לזהות שורת 'cash_and_equivalents' יחידה וחד-משמעית.
מספר שורות מועמדות כוללות: 2, מתוכן 'attributable': 0, 'plain': 2",True,cash_and_equivalents,cash_and_equivalents::row_ambiguous
PANW,2021-07-31,2021,0001327567-21-000029,pretax_income,REVIEW_REQUIRED,,לא נמצאה אף שורת 'pretax_income' בתוך Statement role ראשי התואם לכללי ה-Role של המדד.,True,pretax_income,pretax_income::row_not_found
PANW,2021-07-31,2021,0001327567-21-000029,effective_tax_rate,REVIEW_REQUIRED,,"לא ניתן לחשב Effective Tax Rate כי לא כל הרכיבים עברו PASS: {'pretax_income': 'REVIEW_REQUIRED', 'income_tax_expense': 'PASS'}",False,pretax_income,pretax_income::row_not_found
PANW,2021-07-31,2021,0001327567-21-000029,adjusted_net_debt,REVIEW_REQUIRED,,"לא ניתן לחשב מדד נגזר כי לא כל הרכיבים עברו PASS: {'total_debt': 'PASS', 'cash_and_equivalents': 'REVIEW_REQUIRED', 'short_term_investments': 'PASS'}",False,cash_and_equivalents,cash_and_equivalents::row_ambiguous
PANW,2021-07-31,2021,0001327567-21-000029,invested_capital,REVIEW_REQUIRED,,"לא ניתן לחשב מדד נגזר כי לא כל הרכיבים עברו PASS: {'total_debt': 'PASS', 'stockholders_equity': 'PASS', 'cash_and_equivalents': 'REVIEW_REQUIRED', 'short_term_investments': 'PASS'}",False,cash_and_equivalents,cash_and_equivalents::row_ambiguous
PANW,2021-07-31,2021,0001327567-21-000029,nopat,REVIEW_REQUIRED,,"לא ניתן לחשב מדד נגזר כי לא כל הרכיבים עברו PASS: {'operating_income': 'PASS', 'effective_tax_rate': 'REVIEW_REQUIRED'}",False,pretax_income,pretax_income::row_not_found
PANW,2021-07-31,2021,0001327567-21-000029,average_invested_capital,REVIEW_REQUIRED,,"לא ניתן לחשב מדד נגזר כי לא כל הרכיבים עברו PASS: {'invested_capital': 'REVIEW_REQUIRED', 'invested_capital_prior': 'REVIEW_REQUIRED'}",False,cash_and_equivalents;cash_and_equivalents_prior,cash_and_equivalents::row_ambiguous;cash_and_equivalents_prior::row_ambiguous
PANW,2021-07-31,2021,0001327567-21-000029,roic,REVIEW_REQUIRED,,"לא ניתן לחשב מדד נגזר כי לא כל הרכיבים עברו PASS: {'nopat': 'REVIEW_REQUIRED', 'average_invested_capital': 'REVIEW_REQUIRED'}",False,pretax_income;cash_and_equivalents;cash_and_equivalents_prior,pretax_income::row_not_found;cash_and_equivalents::row_ambiguous;cash_and_equivalents_prior::row_ambiguous
PANW,2022-07-31,2022,0001327567-22-000028,cash_and_equivalents,REVIEW_REQUIRED,,"לא ניתן לזהות שורת 'cash_and_equivalents' יחידה וחד-משמעית.
מספר שורות מועמדות כוללות: 2, מתוכן 'attributable': 0, 'plain': 2",True,cash_and_equivalents,cash_and_equivalents::row_ambiguous
PANW,2022-07-31,2022,0001327567-22-000028,pretax_income,REVIEW_REQUIRED,,לא נמצאה אף שורת 'pretax_income' בתוך Statement role ראשי התואם לכללי ה-Role של המדד.,True,pretax_income,pretax_income::row_not_found
PANW,2022-07-31,2022,0001327567-22-000028,effective_tax_rate,REVIEW_REQUIRED,,"לא ניתן לחשב Effective Tax Rate כי לא כל הרכיבים עברו PASS: {'pretax_income': 'REVIEW_REQUIRED', 'income_tax_expense': 'PASS'}",False,pretax_income,pretax_income::row_not_found
PANW,2022-07-31,2022,0001327567-22-000028,adjusted_net_debt,REVIEW_REQUIRED,,"לא ניתן לחשב מדד נגזר כי לא כל הרכיבים עברו PASS: {'total_debt': 'PASS', 'cash_and_equivalents': 'REVIEW_REQUIRED', 'short_term_investments': 'PASS'}",False,cash_and_equivalents,cash_and_equivalents::row_ambiguous
PANW,2022-07-31,2022,0001327567-22-000028,invested_capital,REVIEW_REQUIRED,,"לא ניתן לחשב מדד נגזר כי לא כל הרכיבים עברו PASS: {'total_debt': 'PASS', 'stockholders_equity': 'PASS', 'cash_and_equivalents': 'REVIEW_REQUIRED', 'short_term_investments': 'PASS'}",False,cash_and_equivalents,cash_and_equivalents::row_ambiguous
PANW,2022-07-31,2022,0001327567-22-000028,nopat,REVIEW_REQUIRED,,"לא ניתן לחשב מדד נגזר כי לא כל הרכיבים עברו PASS: {'operating_income': 'PASS', 'effective_tax_rate': 'REVIEW_REQUIRED'}",False,pretax_income,pretax_income::row_not_found
PANW,2022-07-31,2022,0001327567-22-000028,average_invested_capital,REVIEW_REQUIRED,,"לא ניתן לחשב מדד נגזר כי לא כל הרכיבים עברו PASS: {'invested_capital': 'REVIEW_REQUIRED', 'invested_capital_prior': 'REVIEW_REQUIRED'}",False,cash_and_equivalents;cash_and_equivalents_prior,cash_and_equivalents::row_ambiguous;cash_and_equivalents_prior::row_ambiguous
PANW,2022-07-31,2022,0001327567-22-000028,roic,REVIEW_REQUIRED,,"לא ניתן לחשב מדד נגזר כי לא כל הרכיבים עברו PASS: {'nopat': 'REVIEW_REQUIRED', 'average_invested_capital': 'REVIEW_REQUIRED'}",False,pretax_income;cash_and_equivalents;cash_and_equivalents_prior,pretax_income::row_not_found;cash_and_equivalents::row_ambiguous;cash_and_equivalents_prior::row_ambiguous
PANW,2023-07-31,2023,0001327567-23-000024,cash_and_equivalents,REVIEW_REQUIRED,,"לא ניתן לזהות שורת 'cash_and_equivalents' יחידה וחד-משמעית.
מספר שורות מועמדות כוללות: 2, מתוכן 'attributable': 0, 'plain': 2",True,cash_and_equivalents,cash_and_equivalents::row_ambiguous
PANW,2023-07-31,2023,0001327567-23-000024,long_term_debt,REVIEW_REQUIRED,,"לא נמצאה אף שורת 'long_term_debt' בתוך Statement role ראשי התואם לכללי ה-Role של המדד, וגם לא נמצאה שורת חוב לא-שוטף מועמדת לפי שרשרת ה-Ancestor (מדיניות D-019).",True,long_term_debt,long_term_debt::ancestry_confirmed_absent
PANW,2023-07-31,2023,0001327567-23-000024,total_debt,REVIEW_REQUIRED,,"לא ניתן לחשב מדד נגזר כי לא כל הרכיבים עברו PASS: {'current_debt': 'PASS', 'long_term_debt': 'REVIEW_REQUIRED'}",False,long_term_debt,long_term_debt::ancestry_confirmed_absent
PANW,2023-07-31,2023,0001327567-23-000024,adjusted_net_debt,REVIEW_REQUIRED,,"לא ניתן לחשב מדד נגזר כי לא כל הרכיבים עברו PASS: {'total_debt': 'REVIEW_REQUIRED', 'cash_and_equivalents': 'REVIEW_REQUIRED', 'short_term_investments': 'PASS'}",False,long_term_debt;cash_and_equivalents,long_term_debt::ancestry_confirmed_absent;cash_and_equivalents::row_ambiguous
PANW,2023-07-31,2023,0001327567-23-000024,invested_capital,REVIEW_REQUIRED,,"לא ניתן לחשב מדד נגזר כי לא כל הרכיבים עברו PASS: {'total_debt': 'REVIEW_REQUIRED', 'stockholders_equity': 'PASS', 'cash_and_equivalents': 'REVIEW_REQUIRED', 'short_term_investments': 'PASS'}",False,long_term_debt;cash_and_equivalents,long_term_debt::ancestry_confirmed_absent;cash_and_equivalents::row_ambiguous
PANW,2023-07-31,2023,0001327567-23-000024,average_invested_capital,REVIEW_REQUIRED,,"לא ניתן לחשב מדד נגזר כי לא כל הרכיבים עברו PASS: {'invested_capital': 'REVIEW_REQUIRED', 'invested_capital_prior': 'REVIEW_REQUIRED'}",False,long_term_debt;cash_and_equivalents;long_term_debt_prior;cash_and_equivalents_prior,long_term_debt::ancestry_confirmed_absent;cash_and_equivalents::row_ambiguous;long_term_debt_prior::ancestry_confirmed_absent;cash_and_equivalents_prior::row_ambiguous
PANW,2023-07-31,2023,0001327567-23-000024,roic,REVIEW_REQUIRED,,"לא ניתן לחשב מדד נגזר כי לא כל הרכיבים עברו PASS: {'nopat': 'PASS', 'average_invested_capital': 'REVIEW_REQUIRED'}",False,long_term_debt;cash_and_equivalents;long_term_debt_prior;cash_and_equivalents_prior,long_term_debt::ancestry_confirmed_absent;cash_and_equivalents::row_ambiguous;long_term_debt_prior::ancestry_confirmed_absent;cash_and_equivalents_prior::row_ambiguous
PANW,2024-07-31,2024,0001327567-24-000029,long_term_debt,REVIEW_REQUIRED,,"לא נמצאה אף שורת 'long_term_debt' בתוך Statement role ראשי התואם לכללי ה-Role של המדד, וגם לא נמצאה שורת חוב לא-שוטף מועמדת לפי שרשרת ה-Ancestor (מדיניות D-019).",True,long_term_debt,long_term_debt::ancestry_confirmed_absent
PANW,2024-07-31,2024,0001327567-24-000029,effective_tax_rate,REVIEW_REQUIRED,-1.608114944854801,"שיעור המס האפקטיבי המדווח (-1.608114944854801) מחוץ לטווח הסביר [0, 1].",True,effective_tax_rate,effective_tax_rate::outside_plausible_range
PANW,2024-07-31,2024,0001327567-24-000029,total_debt,REVIEW_REQUIRED,,"לא ניתן לחשב מדד נגזר כי לא כל הרכיבים עברו PASS: {'current_debt': 'PASS', 'long_term_debt': 'REVIEW_REQUIRED'}",False,long_term_debt,long_term_debt::ancestry_confirmed_absent
PANW,2024-07-31,2024,0001327567-24-000029,adjusted_net_debt,REVIEW_REQUIRED,,"לא ניתן לחשב מדד נגזר כי לא כל הרכיבים עברו PASS: {'total_debt': 'REVIEW_REQUIRED', 'cash_and_equivalents': 'PASS', 'short_term_investments': 'PASS'}",False,long_term_debt,long_term_debt::ancestry_confirmed_absent
PANW,2024-07-31,2024,0001327567-24-000029,invested_capital,REVIEW_REQUIRED,,"לא ניתן לחשב מדד נגזר כי לא כל הרכיבים עברו PASS: {'total_debt': 'REVIEW_REQUIRED', 'stockholders_equity': 'PASS', 'cash_and_equivalents': 'PASS', 'short_term_investments': 'PASS'}",False,long_term_debt,long_term_debt::ancestry_confirmed_absent
PANW,2024-07-31,2024,0001327567-24-000029,nopat,REVIEW_REQUIRED,,"לא ניתן לחשב מדד נגזר כי לא כל הרכיבים עברו PASS: {'operating_income': 'PASS', 'effective_tax_rate': 'REVIEW_REQUIRED'}",False,effective_tax_rate,effective_tax_rate::outside_plausible_range
PANW,2024-07-31,2024,0001327567-24-000029,average_invested_capital,REVIEW_REQUIRED,,"לא ניתן לחשב מדד נגזר כי לא כל הרכיבים עברו PASS: {'invested_capital': 'REVIEW_REQUIRED', 'invested_capital_prior': 'REVIEW_REQUIRED'}",False,long_term_debt;long_term_debt_prior,long_term_debt::ancestry_confirmed_absent;long_term_debt_prior::ancestry_confirmed_absent
PANW,2024-07-31,2024,0001327567-24-000029,roic,REVIEW_REQUIRED,,"לא ניתן לחשב מדד נגזר כי לא כל הרכיבים עברו PASS: {'nopat': 'REVIEW_REQUIRED', 'average_invested_capital': 'REVIEW_REQUIRED'}",False,effective_tax_rate;long_term_debt;long_term_debt_prior,effective_tax_rate::outside_plausible_range;long_term_debt::ancestry_confirmed_absent;long_term_debt_prior::ancestry_confirmed_absent
PANW,2025-07-31,2025,0001327567-25-000027,long_term_debt,REVIEW_REQUIRED,,"לא נמצאה אף שורת 'long_term_debt' בתוך Statement role ראשי התואם לכללי ה-Role של המדד, וגם לא נמצאה שורת חוב לא-שוטף מועמדת לפי שרשרת ה-Ancestor (מדיניות D-019).",True,long_term_debt,long_term_debt::ancestry_confirmed_absent
PANW,2025-07-31,2025,0001327567-25-000027,total_debt,REVIEW_REQUIRED,,"לא ניתן לחשב מדד נגזר כי לא כל הרכיבים עברו PASS: {'current_debt': 'PASS', 'long_term_debt': 'REVIEW_REQUIRED'}",False,long_term_debt,long_term_debt::ancestry_confirmed_absent
PANW,2025-07-31,2025,0001327567-25-000027,adjusted_net_debt,REVIEW_REQUIRED,,"לא ניתן לחשב מדד נגזר כי לא כל הרכיבים עברו PASS: {'total_debt': 'REVIEW_REQUIRED', 'cash_and_equivalents': 'PASS', 'short_term_investments': 'PASS'}",False,long_term_debt,long_term_debt::ancestry_confirmed_absent
PANW,2025-07-31,2025,0001327567-25-000027,invested_capital,REVIEW_REQUIRED,,"לא ניתן לחשב מדד נגזר כי לא כל הרכיבים עברו PASS: {'total_debt': 'REVIEW_REQUIRED', 'stockholders_equity': 'PASS', 'cash_and_equivalents': 'PASS', 'short_term_investments': 'PASS'}",False,long_term_debt,long_term_debt::ancestry_confirmed_absent
PANW,2025-07-31,2025,0001327567-25-000027,average_invested_capital,REVIEW_REQUIRED,,"לא ניתן לחשב מדד נגזר כי לא כל הרכיבים עברו PASS: {'invested_capital': 'REVIEW_REQUIRED', 'invested_capital_prior': 'REVIEW_REQUIRED'}",False,long_term_debt;long_term_debt_prior,long_term_debt::ancestry_confirmed_absent;long_term_debt_prior::ancestry_confirmed_absent
PANW,2025-07-31,2025,0001327567-25-000027,roic,REVIEW_REQUIRED,,"לא ניתן לחשב מדד נגזר כי לא כל הרכיבים עברו PASS: {'nopat': 'PASS', 'average_invested_capital': 'REVIEW_REQUIRED'}",False,long_term_debt;long_term_debt_prior,long_term_debt::ancestry_confirmed_absent;long_term_debt_prior::ancestry_confirmed_absent
