ticker,report_date,fiscal_year,downstream_metric,chain_path,root_metric,root_cause,root_reason,is_primary_root_item
ORCL,2021-05-31,2021,effective_tax_rate,effective_tax_rate,effective_tax_rate,effective_tax_rate::outside_plausible_range,"שיעור המס האפקטיבי המדווח (-0.05746595891991692) מחוץ לטווח הסביר [0, 1].",True
ORCL,2021-05-31,2021,nopat,nopat -> effective_tax_rate,effective_tax_rate,effective_tax_rate::outside_plausible_range,"שיעור המס האפקטיבי המדווח (-0.05746595891991692) מחוץ לטווח הסביר [0, 1].",False
ORCL,2021-05-31,2021,roic,roic -> nopat -> effective_tax_rate,effective_tax_rate,effective_tax_rate::outside_plausible_range,"שיעור המס האפקטיבי המדווח (-0.05746595891991692) מחוץ לטווח הסביר [0, 1].",False
META,2020-12-31,2020,current_debt,current_debt,current_debt,current_debt::zero_inference_role_not_found,current_debt = 0 לא הוסק (תנאי 2 לא הוכח): לא נמצא באופן חד-משמעי ביאור לוח פירעונות חוב (Debt Maturity Schedule) — לא ניתן לאשר תנאי 2.,True
META,2020-12-31,2020,long_term_debt,long_term_debt,long_term_debt,long_term_debt::ancestry_confirmed_absent,"לא נמצאה אף שורת 'long_term_debt' בתוך Statement role ראשי התואם לכללי ה-Role של המדד, וגם לא נמצאה שורת חוב לא-שוטף מועמדת לפי שרשרת ה-Ancestor (מדיניות D-019).",True
META,2020-12-31,2020,total_debt,total_debt -> current_debt,current_debt,current_debt::zero_inference_role_not_found,current_debt = 0 לא הוסק (תנאי 2 לא הוכח): לא נמצא באופן חד-משמעי ביאור לוח פירעונות חוב (Debt Maturity Schedule) — לא ניתן לאשר תנאי 2.,False
META,2020-12-31,2020,total_debt,total_debt -> long_term_debt,long_term_debt,long_term_debt::ancestry_confirmed_absent,"לא נמצאה אף שורת 'long_term_debt' בתוך Statement role ראשי התואם לכללי ה-Role של המדד, וגם לא נמצאה שורת חוב לא-שוטף מועמדת לפי שרשרת ה-Ancestor (מדיניות D-019).",False
META,2020-12-31,2020,adjusted_net_debt,adjusted_net_debt -> total_debt -> current_debt,current_debt,current_debt::zero_inference_role_not_found,current_debt = 0 לא הוסק (תנאי 2 לא הוכח): לא נמצא באופן חד-משמעי ביאור לוח פירעונות חוב (Debt Maturity Schedule) — לא ניתן לאשר תנאי 2.,False
META,2020-12-31,2020,adjusted_net_debt,adjusted_net_debt -> total_debt -> long_term_debt,long_term_debt,long_term_debt::ancestry_confirmed_absent,"לא נמצאה אף שורת 'long_term_debt' בתוך Statement role ראשי התואם לכללי ה-Role של המדד, וגם לא נמצאה שורת חוב לא-שוטף מועמדת לפי שרשרת ה-Ancestor (מדיניות D-019).",False
META,2020-12-31,2020,invested_capital,invested_capital -> total_debt -> current_debt,current_debt,current_debt::zero_inference_role_not_found,current_debt = 0 לא הוסק (תנאי 2 לא הוכח): לא נמצא באופן חד-משמעי ביאור לוח פירעונות חוב (Debt Maturity Schedule) — לא ניתן לאשר תנאי 2.,False
META,2020-12-31,2020,invested_capital,invested_capital -> total_debt -> long_term_debt,long_term_debt,long_term_debt::ancestry_confirmed_absent,"לא נמצאה אף שורת 'long_term_debt' בתוך Statement role ראשי התואם לכללי ה-Role של המדד, וגם לא נמצאה שורת חוב לא-שוטף מועמדת לפי שרשרת ה-Ancestor (מדיניות D-019).",False
META,2020-12-31,2020,average_invested_capital,average_invested_capital -> invested_capital -> total_debt -> current_debt,current_debt,current_debt::zero_inference_role_not_found,current_debt = 0 לא הוסק (תנאי 2 לא הוכח): לא נמצא באופן חד-משמעי ביאור לוח פירעונות חוב (Debt Maturity Schedule) — לא ניתן לאשר תנאי 2.,False
META,2020-12-31,2020,average_invested_capital,average_invested_capital -> invested_capital -> total_debt -> long_term_debt,long_term_debt,long_term_debt::ancestry_confirmed_absent,"לא נמצאה אף שורת 'long_term_debt' בתוך Statement role ראשי התואם לכללי ה-Role של המדד, וגם לא נמצאה שורת חוב לא-שוטף מועמדת לפי שרשרת ה-Ancestor (מדיניות D-019).",False
META,2020-12-31,2020,average_invested_capital,average_invested_capital -> invested_capital_prior -> total_debt_prior -> current_debt_prior,current_debt_prior,current_debt_prior::zero_inference_role_not_found,current_debt = 0 לא הוסק (תנאי 2 לא הוכח): לא נמצא באופן חד-משמעי ביאור לוח פירעונות חוב (Debt Maturity Schedule) — לא ניתן לאשר תנאי 2.,False
META,2020-12-31,2020,average_invested_capital,average_invested_capital -> invested_capital_prior -> total_debt_prior -> long_term_debt_prior,long_term_debt_prior,long_term_debt_prior::ancestry_confirmed_absent,"לא נמצאה אף שורת 'long_term_debt' בתוך Statement role ראשי התואם לכללי ה-Role של המדד, וגם לא נמצאה שורת חוב לא-שוטף מועמדת לפי שרשרת ה-Ancestor (מדיניות D-019).",False
META,2020-12-31,2020,roic,roic -> average_invested_capital -> invested_capital -> total_debt -> current_debt,current_debt,current_debt::zero_inference_role_not_found,current_debt = 0 לא הוסק (תנאי 2 לא הוכח): לא נמצא באופן חד-משמעי ביאור לוח פירעונות חוב (Debt Maturity Schedule) — לא ניתן לאשר תנאי 2.,False
META,2020-12-31,2020,roic,roic -> average_invested_capital -> invested_capital -> total_debt -> long_term_debt,long_term_debt,long_term_debt::ancestry_confirmed_absent,"לא נמצאה אף שורת 'long_term_debt' בתוך Statement role ראשי התואם לכללי ה-Role של המדד, וגם לא נמצאה שורת חוב לא-שוטף מועמדת לפי שרשרת ה-Ancestor (מדיניות D-019).",False
META,2020-12-31,2020,roic,roic -> average_invested_capital -> invested_capital_prior -> total_debt_prior -> current_debt_prior,current_debt_prior,current_debt_prior::zero_inference_role_not_found,current_debt = 0 לא הוסק (תנאי 2 לא הוכח): לא נמצא באופן חד-משמעי ביאור לוח פירעונות חוב (Debt Maturity Schedule) — לא ניתן לאשר תנאי 2.,False
META,2020-12-31,2020,roic,roic -> average_invested_capital -> invested_capital_prior -> total_debt_prior -> long_term_debt_prior,long_term_debt_prior,long_term_debt_prior::ancestry_confirmed_absent,"לא נמצאה אף שורת 'long_term_debt' בתוך Statement role ראשי התואם לכללי ה-Role של המדד, וגם לא נמצאה שורת חוב לא-שוטף מועמדת לפי שרשרת ה-Ancestor (מדיניות D-019).",False
META,2021-12-31,2021,current_debt,current_debt,current_debt,current_debt::zero_inference_role_not_found,current_debt = 0 לא הוסק (תנאי 2 לא הוכח): לא נמצא באופן חד-משמעי ביאור לוח פירעונות חוב (Debt Maturity Schedule) — לא ניתן לאשר תנאי 2.,True
META,2021-12-31,2021,long_term_debt,long_term_debt,long_term_debt,long_term_debt::ancestry_confirmed_absent,"לא נמצאה אף שורת 'long_term_debt' בתוך Statement role ראשי התואם לכללי ה-Role של המדד, וגם לא נמצאה שורת חוב לא-שוטף מועמדת לפי שרשרת ה-Ancestor (מדיניות D-019).",True
META,2021-12-31,2021,total_debt,total_debt -> current_debt,current_debt,current_debt::zero_inference_role_not_found,current_debt = 0 לא הוסק (תנאי 2 לא הוכח): לא נמצא באופן חד-משמעי ביאור לוח פירעונות חוב (Debt Maturity Schedule) — לא ניתן לאשר תנאי 2.,False
META,2021-12-31,2021,total_debt,total_debt -> long_term_debt,long_term_debt,long_term_debt::ancestry_confirmed_absent,"לא נמצאה אף שורת 'long_term_debt' בתוך Statement role ראשי התואם לכללי ה-Role של המדד, וגם לא נמצאה שורת חוב לא-שוטף מועמדת לפי שרשרת ה-Ancestor (מדיניות D-019).",False
META,2021-12-31,2021,adjusted_net_debt,adjusted_net_debt -> total_debt -> current_debt,current_debt,current_debt::zero_inference_role_not_found,current_debt = 0 לא הוסק (תנאי 2 לא הוכח): לא נמצא באופן חד-משמעי ביאור לוח פירעונות חוב (Debt Maturity Schedule) — לא ניתן לאשר תנאי 2.,False
META,2021-12-31,2021,adjusted_net_debt,adjusted_net_debt -> total_debt -> long_term_debt,long_term_debt,long_term_debt::ancestry_confirmed_absent,"לא נמצאה אף שורת 'long_term_debt' בתוך Statement role ראשי התואם לכללי ה-Role של המדד, וגם לא נמצאה שורת חוב לא-שוטף מועמדת לפי שרשרת ה-Ancestor (מדיניות D-019).",False
META,2021-12-31,2021,invested_capital,invested_capital -> total_debt -> current_debt,current_debt,current_debt::zero_inference_role_not_found,current_debt = 0 לא הוסק (תנאי 2 לא הוכח): לא נמצא באופן חד-משמעי ביאור לוח פירעונות חוב (Debt Maturity Schedule) — לא ניתן לאשר תנאי 2.,False
META,2021-12-31,2021,invested_capital,invested_capital -> total_debt -> long_term_debt,long_term_debt,long_term_debt::ancestry_confirmed_absent,"לא נמצאה אף שורת 'long_term_debt' בתוך Statement role ראשי התואם לכללי ה-Role של המדד, וגם לא נמצאה שורת חוב לא-שוטף מועמדת לפי שרשרת ה-Ancestor (מדיניות D-019).",False
META,2021-12-31,2021,average_invested_capital,average_invested_capital -> invested_capital -> total_debt -> current_debt,current_debt,current_debt::zero_inference_role_not_found,current_debt = 0 לא הוסק (תנאי 2 לא הוכח): לא נמצא באופן חד-משמעי ביאור לוח פירעונות חוב (Debt Maturity Schedule) — לא ניתן לאשר תנאי 2.,False
META,2021-12-31,2021,average_invested_capital,average_invested_capital -> invested_capital -> total_debt -> long_term_debt,long_term_debt,long_term_debt::ancestry_confirmed_absent,"לא נמצאה אף שורת 'long_term_debt' בתוך Statement role ראשי התואם לכללי ה-Role של המדד, וגם לא נמצאה שורת חוב לא-שוטף מועמדת לפי שרשרת ה-Ancestor (מדיניות D-019).",False
META,2021-12-31,2021,average_invested_capital,average_invested_capital -> invested_capital_prior -> total_debt_prior -> current_debt_prior,current_debt_prior,current_debt_prior::zero_inference_role_not_found,current_debt = 0 לא הוסק (תנאי 2 לא הוכח): לא נמצא באופן חד-משמעי ביאור לוח פירעונות חוב (Debt Maturity Schedule) — לא ניתן לאשר תנאי 2.,False
META,2021-12-31,2021,average_invested_capital,average_invested_capital -> invested_capital_prior -> total_debt_prior -> long_term_debt_prior,long_term_debt_prior,long_term_debt_prior::ancestry_confirmed_absent,"לא נמצאה אף שורת 'long_term_debt' בתוך Statement role ראשי התואם לכללי ה-Role של המדד, וגם לא נמצאה שורת חוב לא-שוטף מועמדת לפי שרשרת ה-Ancestor (מדיניות D-019).",False
META,2021-12-31,2021,roic,roic -> average_invested_capital -> invested_capital -> total_debt -> current_debt,current_debt,current_debt::zero_inference_role_not_found,current_debt = 0 לא הוסק (תנאי 2 לא הוכח): לא נמצא באופן חד-משמעי ביאור לוח פירעונות חוב (Debt Maturity Schedule) — לא ניתן לאשר תנאי 2.,False
META,2021-12-31,2021,roic,roic -> average_invested_capital -> invested_capital -> total_debt -> long_term_debt,long_term_debt,long_term_debt::ancestry_confirmed_absent,"לא נמצאה אף שורת 'long_term_debt' בתוך Statement role ראשי התואם לכללי ה-Role של המדד, וגם לא נמצאה שורת חוב לא-שוטף מועמדת לפי שרשרת ה-Ancestor (מדיניות D-019).",False
META,2021-12-31,2021,roic,roic -> average_invested_capital -> invested_capital_prior -> total_debt_prior -> current_debt_prior,current_debt_prior,current_debt_prior::zero_inference_role_not_found,current_debt = 0 לא הוסק (תנאי 2 לא הוכח): לא נמצא באופן חד-משמעי ביאור לוח פירעונות חוב (Debt Maturity Schedule) — לא ניתן לאשר תנאי 2.,False
META,2021-12-31,2021,roic,roic -> average_invested_capital -> invested_capital_prior -> total_debt_prior -> long_term_debt_prior,long_term_debt_prior,long_term_debt_prior::ancestry_confirmed_absent,"לא נמצאה אף שורת 'long_term_debt' בתוך Statement role ראשי התואם לכללי ה-Role של המדד, וגם לא נמצאה שורת חוב לא-שוטף מועמדת לפי שרשרת ה-Ancestor (מדיניות D-019).",False
META,2022-12-31,2022,current_debt,current_debt,current_debt,current_debt::zero_inference_total_mismatch_with_ltd,"current_debt = 0 לא הוסק (תנאי 3 לא הוכח): סה""כ לוח הפירעונות (10000000000.0) אינו מתיישב עם long_term_debt מהמאזן (9923000000.0) — תנאי 3 לא הוכח.",True
META,2022-12-31,2022,total_debt,total_debt -> current_debt,current_debt,current_debt::zero_inference_total_mismatch_with_ltd,"current_debt = 0 לא הוסק (תנאי 3 לא הוכח): סה""כ לוח הפירעונות (10000000000.0) אינו מתיישב עם long_term_debt מהמאזן (9923000000.0) — תנאי 3 לא הוכח.",False
META,2022-12-31,2022,adjusted_net_debt,adjusted_net_debt -> total_debt -> current_debt,current_debt,current_debt::zero_inference_total_mismatch_with_ltd,"current_debt = 0 לא הוסק (תנאי 3 לא הוכח): סה""כ לוח הפירעונות (10000000000.0) אינו מתיישב עם long_term_debt מהמאזן (9923000000.0) — תנאי 3 לא הוכח.",False
META,2022-12-31,2022,invested_capital,invested_capital -> total_debt -> current_debt,current_debt,current_debt::zero_inference_total_mismatch_with_ltd,"current_debt = 0 לא הוסק (תנאי 3 לא הוכח): סה""כ לוח הפירעונות (10000000000.0) אינו מתיישב עם long_term_debt מהמאזן (9923000000.0) — תנאי 3 לא הוכח.",False
META,2022-12-31,2022,average_invested_capital,average_invested_capital -> invested_capital -> total_debt -> current_debt,current_debt,current_debt::zero_inference_total_mismatch_with_ltd,"current_debt = 0 לא הוסק (תנאי 3 לא הוכח): סה""כ לוח הפירעונות (10000000000.0) אינו מתיישב עם long_term_debt מהמאזן (9923000000.0) — תנאי 3 לא הוכח.",False
META,2022-12-31,2022,average_invested_capital,average_invested_capital -> invested_capital_prior -> total_debt_prior -> current_debt_prior,current_debt_prior,current_debt_prior::zero_inference_prior_bucket_unreliable,current_debt = 0 לא הוסק (תנאי 2 לא הוכח): לא ניתן לחלץ ערך מהימן ויחיד עבור השורה המוקדמת ביותר בלוח הפירעונות ('2023 through 2026') — תנאי 2 לא הוכח.,False
META,2022-12-31,2022,roic,roic -> average_invested_capital -> invested_capital -> total_debt -> current_debt,current_debt,current_debt::zero_inference_total_mismatch_with_ltd,"current_debt = 0 לא הוסק (תנאי 3 לא הוכח): סה""כ לוח הפירעונות (10000000000.0) אינו מתיישב עם long_term_debt מהמאזן (9923000000.0) — תנאי 3 לא הוכח.",False
META,2022-12-31,2022,roic,roic -> average_invested_capital -> invested_capital_prior -> total_debt_prior -> current_debt_prior,current_debt_prior,current_debt_prior::zero_inference_prior_bucket_unreliable,current_debt = 0 לא הוסק (תנאי 2 לא הוכח): לא ניתן לחלץ ערך מהימן ויחיד עבור השורה המוקדמת ביותר בלוח הפירעונות ('2023 through 2026') — תנאי 2 לא הוכח.,False
META,2023-12-31,2023,current_debt,current_debt,current_debt,current_debt::zero_inference_total_mismatch_with_ltd,"current_debt = 0 לא הוסק (תנאי 3 לא הוכח): סה""כ לוח הפירעונות (18500000000.0) אינו מתיישב עם long_term_debt מהמאזן (18385000000.0) — תנאי 3 לא הוכח.",True
META,2023-12-31,2023,total_debt,total_debt -> current_debt,current_debt,current_debt::zero_inference_total_mismatch_with_ltd,"current_debt = 0 לא הוסק (תנאי 3 לא הוכח): סה""כ לוח הפירעונות (18500000000.0) אינו מתיישב עם long_term_debt מהמאזן (18385000000.0) — תנאי 3 לא הוכח.",False
META,2023-12-31,2023,adjusted_net_debt,adjusted_net_debt -> total_debt -> current_debt,current_debt,current_debt::zero_inference_total_mismatch_with_ltd,"current_debt = 0 לא הוסק (תנאי 3 לא הוכח): סה""כ לוח הפירעונות (18500000000.0) אינו מתיישב עם long_term_debt מהמאזן (18385000000.0) — תנאי 3 לא הוכח.",False
META,2023-12-31,2023,invested_capital,invested_capital -> total_debt -> current_debt,current_debt,current_debt::zero_inference_total_mismatch_with_ltd,"current_debt = 0 לא הוסק (תנאי 3 לא הוכח): סה""כ לוח הפירעונות (18500000000.0) אינו מתיישב עם long_term_debt מהמאזן (18385000000.0) — תנאי 3 לא הוכח.",False
META,2023-12-31,2023,average_invested_capital,average_invested_capital -> invested_capital -> total_debt -> current_debt,current_debt,current_debt::zero_inference_total_mismatch_with_ltd,"current_debt = 0 לא הוסק (תנאי 3 לא הוכח): סה""כ לוח הפירעונות (18500000000.0) אינו מתיישב עם long_term_debt מהמאזן (18385000000.0) — תנאי 3 לא הוכח.",False
META,2023-12-31,2023,average_invested_capital,average_invested_capital -> invested_capital_prior -> total_debt_prior -> current_debt_prior,current_debt_prior,current_debt_prior::zero_inference_prior_bucket_unreliable,current_debt = 0 לא הוסק (תנאי 2 לא הוכח): לא ניתן לחלץ ערך מהימן ויחיד עבור השורה המוקדמת ביותר בלוח הפירעונות ('2024 through 2026') — תנאי 2 לא הוכח.,False
META,2023-12-31,2023,roic,roic -> average_invested_capital -> invested_capital -> total_debt -> current_debt,current_debt,current_debt::zero_inference_total_mismatch_with_ltd,"current_debt = 0 לא הוסק (תנאי 3 לא הוכח): סה""כ לוח הפירעונות (18500000000.0) אינו מתיישב עם long_term_debt מהמאזן (18385000000.0) — תנאי 3 לא הוכח.",False
META,2023-12-31,2023,roic,roic -> average_invested_capital -> invested_capital_prior -> total_debt_prior -> current_debt_prior,current_debt_prior,current_debt_prior::zero_inference_prior_bucket_unreliable,current_debt = 0 לא הוסק (תנאי 2 לא הוכח): לא ניתן לחלץ ערך מהימן ויחיד עבור השורה המוקדמת ביותר בלוח הפירעונות ('2024 through 2026') — תנאי 2 לא הוכח.,False
META,2024-12-31,2024,current_debt,current_debt,current_debt,current_debt::zero_inference_total_mismatch_with_ltd,"current_debt = 0 לא הוסק (תנאי 3 לא הוכח): סה""כ לוח הפירעונות (29000000000.0) אינו מתיישב עם long_term_debt מהמאזן (28826000000.0) — תנאי 3 לא הוכח.",True
META,2024-12-31,2024,total_debt,total_debt -> current_debt,current_debt,current_debt::zero_inference_total_mismatch_with_ltd,"current_debt = 0 לא הוסק (תנאי 3 לא הוכח): סה""כ לוח הפירעונות (29000000000.0) אינו מתיישב עם long_term_debt מהמאזן (28826000000.0) — תנאי 3 לא הוכח.",False
META,2024-12-31,2024,adjusted_net_debt,adjusted_net_debt -> total_debt -> current_debt,current_debt,current_debt::zero_inference_total_mismatch_with_ltd,"current_debt = 0 לא הוסק (תנאי 3 לא הוכח): סה""כ לוח הפירעונות (29000000000.0) אינו מתיישב עם long_term_debt מהמאזן (28826000000.0) — תנאי 3 לא הוכח.",False
META,2024-12-31,2024,invested_capital,invested_capital -> total_debt -> current_debt,current_debt,current_debt::zero_inference_total_mismatch_with_ltd,"current_debt = 0 לא הוסק (תנאי 3 לא הוכח): סה""כ לוח הפירעונות (29000000000.0) אינו מתיישב עם long_term_debt מהמאזן (28826000000.0) — תנאי 3 לא הוכח.",False
META,2024-12-31,2024,average_invested_capital,average_invested_capital -> invested_capital -> total_debt -> current_debt,current_debt,current_debt::zero_inference_total_mismatch_with_ltd,"current_debt = 0 לא הוסק (תנאי 3 לא הוכח): סה""כ לוח הפירעונות (29000000000.0) אינו מתיישב עם long_term_debt מהמאזן (28826000000.0) — תנאי 3 לא הוכח.",False
META,2024-12-31,2024,average_invested_capital,average_invested_capital -> invested_capital_prior -> total_debt_prior -> current_debt_prior,current_debt_prior,current_debt_prior::zero_inference_prior_bucket_unreliable,current_debt = 0 לא הוסק (תנאי 2 לא הוכח): לא ניתן לחלץ ערך מהימן ויחיד עבור השורה המוקדמת ביותר בלוח הפירעונות ('2025 through 2026') — תנאי 2 לא הוכח.,False
META,2024-12-31,2024,roic,roic -> average_invested_capital -> invested_capital -> total_debt -> current_debt,current_debt,current_debt::zero_inference_total_mismatch_with_ltd,"current_debt = 0 לא הוסק (תנאי 3 לא הוכח): סה""כ לוח הפירעונות (29000000000.0) אינו מתיישב עם long_term_debt מהמאזן (28826000000.0) — תנאי 3 לא הוכח.",False
META,2024-12-31,2024,roic,roic -> average_invested_capital -> invested_capital_prior -> total_debt_prior -> current_debt_prior,current_debt_prior,current_debt_prior::zero_inference_prior_bucket_unreliable,current_debt = 0 לא הוסק (תנאי 2 לא הוכח): לא ניתן לחלץ ערך מהימן ויחיד עבור השורה המוקדמת ביותר בלוח הפירעונות ('2025 through 2026') — תנאי 2 לא הוכח.,False
NVDA,2020-01-26,2020,current_debt,current_debt,current_debt,current_debt::zero_inference_role_not_found,current_debt = 0 לא הוסק (תנאי 2 לא הוכח): לא נמצא באופן חד-משמעי ביאור לוח פירעונות חוב (Debt Maturity Schedule) — לא ניתן לאשר תנאי 2.,True
NVDA,2020-01-26,2020,total_debt,total_debt -> current_debt,current_debt,current_debt::zero_inference_role_not_found,current_debt = 0 לא הוסק (תנאי 2 לא הוכח): לא נמצא באופן חד-משמעי ביאור לוח פירעונות חוב (Debt Maturity Schedule) — לא ניתן לאשר תנאי 2.,False
NVDA,2020-01-26,2020,adjusted_net_debt,adjusted_net_debt -> total_debt -> current_debt,current_debt,current_debt::zero_inference_role_not_found,current_debt = 0 לא הוסק (תנאי 2 לא הוכח): לא נמצא באופן חד-משמעי ביאור לוח פירעונות חוב (Debt Maturity Schedule) — לא ניתן לאשר תנאי 2.,False
NVDA,2020-01-26,2020,invested_capital,invested_capital -> total_debt -> current_debt,current_debt,current_debt::zero_inference_role_not_found,current_debt = 0 לא הוסק (תנאי 2 לא הוכח): לא נמצא באופן חד-משמעי ביאור לוח פירעונות חוב (Debt Maturity Schedule) — לא ניתן לאשר תנאי 2.,False
NVDA,2020-01-26,2020,average_invested_capital,average_invested_capital -> invested_capital -> total_debt -> current_debt,current_debt,current_debt::zero_inference_role_not_found,current_debt = 0 לא הוסק (תנאי 2 לא הוכח): לא נמצא באופן חד-משמעי ביאור לוח פירעונות חוב (Debt Maturity Schedule) — לא ניתן לאשר תנאי 2.,False
NVDA,2020-01-26,2020,average_invested_capital,average_invested_capital -> invested_capital_prior -> total_debt_prior -> current_debt_prior,current_debt_prior,current_debt_prior::zero_inference_role_not_found,current_debt = 0 לא הוסק (תנאי 2 לא הוכח): לא נמצא באופן חד-משמעי ביאור לוח פירעונות חוב (Debt Maturity Schedule) — לא ניתן לאשר תנאי 2.,False
NVDA,2020-01-26,2020,roic,roic -> average_invested_capital -> invested_capital -> total_debt -> current_debt,current_debt,current_debt::zero_inference_role_not_found,current_debt = 0 לא הוסק (תנאי 2 לא הוכח): לא נמצא באופן חד-משמעי ביאור לוח פירעונות חוב (Debt Maturity Schedule) — לא ניתן לאשר תנאי 2.,False
NVDA,2020-01-26,2020,roic,roic -> average_invested_capital -> invested_capital_prior -> total_debt_prior -> current_debt_prior,current_debt_prior,current_debt_prior::zero_inference_role_not_found,current_debt = 0 לא הוסק (תנאי 2 לא הוכח): לא נמצא באופן חד-משמעי ביאור לוח פירעונות חוב (Debt Maturity Schedule) — לא ניתן לאשר תנאי 2.,False
NVDA,2023-01-29,2023,effective_tax_rate,effective_tax_rate,effective_tax_rate,effective_tax_rate::outside_plausible_range,"שיעור המס האפקטיבי המדווח (-0.044726142071274816) מחוץ לטווח הסביר [0, 1].",True
NVDA,2023-01-29,2023,nopat,nopat -> effective_tax_rate,effective_tax_rate,effective_tax_rate::outside_plausible_range,"שיעור המס האפקטיבי המדווח (-0.044726142071274816) מחוץ לטווח הסביר [0, 1].",False
NVDA,2023-01-29,2023,roic,roic -> nopat -> effective_tax_rate,effective_tax_rate,effective_tax_rate::outside_plausible_range,"שיעור המס האפקטיבי המדווח (-0.044726142071274816) מחוץ לטווח הסביר [0, 1].",False
GOOGL,2021-12-31,2021,current_debt,current_debt,current_debt,current_debt::zero_inference_earliest_bucket_nonzero,current_debt = 0 לא הוסק (תנאי 2 לא הוכח): השורה המוקדמת ביותר בלוח הפירעונות ('2022') אינה אפס (187000000.0) — לא ניתן לאשר שאין סכום לפירעון תוך 12 חודשים.,True
GOOGL,2021-12-31,2021,pretax_income,pretax_income,pretax_income,pretax_income::row_not_found,לא נמצאה אף שורת 'pretax_income' בתוך Statement role ראשי התואם לכללי ה-Role של המדד.,True
GOOGL,2021-12-31,2021,effective_tax_rate,effective_tax_rate -> pretax_income,pretax_income,pretax_income::row_not_found,לא נמצאה אף שורת 'pretax_income' בתוך Statement role ראשי התואם לכללי ה-Role של המדד.,False
GOOGL,2021-12-31,2021,total_debt,total_debt -> current_debt,current_debt,current_debt::zero_inference_earliest_bucket_nonzero,current_debt = 0 לא הוסק (תנאי 2 לא הוכח): השורה המוקדמת ביותר בלוח הפירעונות ('2022') אינה אפס (187000000.0) — לא ניתן לאשר שאין סכום לפירעון תוך 12 חודשים.,False
GOOGL,2021-12-31,2021,adjusted_net_debt,adjusted_net_debt -> total_debt -> current_debt,current_debt,current_debt::zero_inference_earliest_bucket_nonzero,current_debt = 0 לא הוסק (תנאי 2 לא הוכח): השורה המוקדמת ביותר בלוח הפירעונות ('2022') אינה אפס (187000000.0) — לא ניתן לאשר שאין סכום לפירעון תוך 12 חודשים.,False
GOOGL,2021-12-31,2021,invested_capital,invested_capital -> total_debt -> current_debt,current_debt,current_debt::zero_inference_earliest_bucket_nonzero,current_debt = 0 לא הוסק (תנאי 2 לא הוכח): השורה המוקדמת ביותר בלוח הפירעונות ('2022') אינה אפס (187000000.0) — לא ניתן לאשר שאין סכום לפירעון תוך 12 חודשים.,False
GOOGL,2021-12-31,2021,nopat,nopat -> effective_tax_rate -> pretax_income,pretax_income,pretax_income::row_not_found,לא נמצאה אף שורת 'pretax_income' בתוך Statement role ראשי התואם לכללי ה-Role של המדד.,False
GOOGL,2021-12-31,2021,average_invested_capital,average_invested_capital -> invested_capital -> total_debt -> current_debt,current_debt,current_debt::zero_inference_earliest_bucket_nonzero,current_debt = 0 לא הוסק (תנאי 2 לא הוכח): השורה המוקדמת ביותר בלוח הפירעונות ('2022') אינה אפס (187000000.0) — לא ניתן לאשר שאין סכום לפירעון תוך 12 חודשים.,False
GOOGL,2021-12-31,2021,average_invested_capital,average_invested_capital -> invested_capital_prior -> total_debt_prior -> current_debt_prior,current_debt_prior,current_debt_prior::zero_inference_prior_bucket_unreliable,current_debt = 0 לא הוסק (תנאי 2 לא הוכח): לא ניתן לחלץ ערך מהימן ויחיד עבור השורה המוקדמת ביותר בלוח הפירעונות ('2022') — תנאי 2 לא הוכח.,False
GOOGL,2021-12-31,2021,roic,roic -> nopat -> effective_tax_rate -> pretax_income,pretax_income,pretax_income::row_not_found,לא נמצאה אף שורת 'pretax_income' בתוך Statement role ראשי התואם לכללי ה-Role של המדד.,False
GOOGL,2021-12-31,2021,roic,roic -> average_invested_capital -> invested_capital -> total_debt -> current_debt,current_debt,current_debt::zero_inference_earliest_bucket_nonzero,current_debt = 0 לא הוסק (תנאי 2 לא הוכח): השורה המוקדמת ביותר בלוח הפירעונות ('2022') אינה אפס (187000000.0) — לא ניתן לאשר שאין סכום לפירעון תוך 12 חודשים.,False
GOOGL,2021-12-31,2021,roic,roic -> average_invested_capital -> invested_capital_prior -> total_debt_prior -> current_debt_prior,current_debt_prior,current_debt_prior::zero_inference_prior_bucket_unreliable,current_debt = 0 לא הוסק (תנאי 2 לא הוכח): לא ניתן לחלץ ערך מהימן ויחיד עבור השורה המוקדמת ביותר בלוח הפירעונות ('2022') — תנאי 2 לא הוכח.,False
GOOGL,2022-12-31,2022,current_debt,current_debt,current_debt,current_debt::zero_inference_earliest_bucket_nonzero,current_debt = 0 לא הוסק (תנאי 2 לא הוכח): השורה המוקדמת ביותר בלוח הפירעונות ('2023') אינה אפס (221000000.0) — לא ניתן לאשר שאין סכום לפירעון תוך 12 חודשים.,True
GOOGL,2022-12-31,2022,pretax_income,pretax_income,pretax_income,pretax_income::row_not_found,לא נמצאה אף שורת 'pretax_income' בתוך Statement role ראשי התואם לכללי ה-Role של המדד.,True
GOOGL,2022-12-31,2022,effective_tax_rate,effective_tax_rate -> pretax_income,pretax_income,pretax_income::row_not_found,לא נמצאה אף שורת 'pretax_income' בתוך Statement role ראשי התואם לכללי ה-Role של המדד.,False
GOOGL,2022-12-31,2022,total_debt,total_debt -> current_debt,current_debt,current_debt::zero_inference_earliest_bucket_nonzero,current_debt = 0 לא הוסק (תנאי 2 לא הוכח): השורה המוקדמת ביותר בלוח הפירעונות ('2023') אינה אפס (221000000.0) — לא ניתן לאשר שאין סכום לפירעון תוך 12 חודשים.,False
GOOGL,2022-12-31,2022,adjusted_net_debt,adjusted_net_debt -> total_debt -> current_debt,current_debt,current_debt::zero_inference_earliest_bucket_nonzero,current_debt = 0 לא הוסק (תנאי 2 לא הוכח): השורה המוקדמת ביותר בלוח הפירעונות ('2023') אינה אפס (221000000.0) — לא ניתן לאשר שאין סכום לפירעון תוך 12 חודשים.,False
GOOGL,2022-12-31,2022,invested_capital,invested_capital -> total_debt -> current_debt,current_debt,current_debt::zero_inference_earliest_bucket_nonzero,current_debt = 0 לא הוסק (תנאי 2 לא הוכח): השורה המוקדמת ביותר בלוח הפירעונות ('2023') אינה אפס (221000000.0) — לא ניתן לאשר שאין סכום לפירעון תוך 12 חודשים.,False
GOOGL,2022-12-31,2022,nopat,nopat -> effective_tax_rate -> pretax_income,pretax_income,pretax_income::row_not_found,לא נמצאה אף שורת 'pretax_income' בתוך Statement role ראשי התואם לכללי ה-Role של המדד.,False
GOOGL,2022-12-31,2022,average_invested_capital,average_invested_capital -> invested_capital -> total_debt -> current_debt,current_debt,current_debt::zero_inference_earliest_bucket_nonzero,current_debt = 0 לא הוסק (תנאי 2 לא הוכח): השורה המוקדמת ביותר בלוח הפירעונות ('2023') אינה אפס (221000000.0) — לא ניתן לאשר שאין סכום לפירעון תוך 12 חודשים.,False
GOOGL,2022-12-31,2022,average_invested_capital,average_invested_capital -> invested_capital_prior -> total_debt_prior -> current_debt_prior,current_debt_prior,current_debt_prior::zero_inference_prior_bucket_unreliable,current_debt = 0 לא הוסק (תנאי 2 לא הוכח): לא ניתן לחלץ ערך מהימן ויחיד עבור השורה המוקדמת ביותר בלוח הפירעונות ('2023') — תנאי 2 לא הוכח.,False
GOOGL,2022-12-31,2022,roic,roic -> nopat -> effective_tax_rate -> pretax_income,pretax_income,pretax_income::row_not_found,לא נמצאה אף שורת 'pretax_income' בתוך Statement role ראשי התואם לכללי ה-Role של המדד.,False
GOOGL,2022-12-31,2022,roic,roic -> average_invested_capital -> invested_capital -> total_debt -> current_debt,current_debt,current_debt::zero_inference_earliest_bucket_nonzero,current_debt = 0 לא הוסק (תנאי 2 לא הוכח): השורה המוקדמת ביותר בלוח הפירעונות ('2023') אינה אפס (221000000.0) — לא ניתן לאשר שאין סכום לפירעון תוך 12 חודשים.,False
GOOGL,2022-12-31,2022,roic,roic -> average_invested_capital -> invested_capital_prior -> total_debt_prior -> current_debt_prior,current_debt_prior,current_debt_prior::zero_inference_prior_bucket_unreliable,current_debt = 0 לא הוסק (תנאי 2 לא הוכח): לא ניתן לחלץ ערך מהימן ויחיד עבור השורה המוקדמת ביותר בלוח הפירעונות ('2023') — תנאי 2 לא הוכח.,False
GOOGL,2023-12-31,2023,current_debt,current_debt,current_debt,current_debt::zero_inference_earliest_bucket_nonzero,current_debt = 0 לא הוסק (תנאי 2 לא הוכח): השורה המוקדמת ביותר בלוח הפירעונות ('2024') אינה אפס (1299000000.0) — לא ניתן לאשר שאין סכום לפירעון תוך 12 חודשים.,True
GOOGL,2023-12-31,2023,pretax_income,pretax_income,pretax_income,pretax_income::row_not_found,לא נמצאה אף שורת 'pretax_income' בתוך Statement role ראשי התואם לכללי ה-Role של המדד.,True
GOOGL,2023-12-31,2023,effective_tax_rate,effective_tax_rate -> pretax_income,pretax_income,pretax_income::row_not_found,לא נמצאה אף שורת 'pretax_income' בתוך Statement role ראשי התואם לכללי ה-Role של המדד.,False
GOOGL,2023-12-31,2023,total_debt,total_debt -> current_debt,current_debt,current_debt::zero_inference_earliest_bucket_nonzero,current_debt = 0 לא הוסק (תנאי 2 לא הוכח): השורה המוקדמת ביותר בלוח הפירעונות ('2024') אינה אפס (1299000000.0) — לא ניתן לאשר שאין סכום לפירעון תוך 12 חודשים.,False
GOOGL,2023-12-31,2023,adjusted_net_debt,adjusted_net_debt -> total_debt -> current_debt,current_debt,current_debt::zero_inference_earliest_bucket_nonzero,current_debt = 0 לא הוסק (תנאי 2 לא הוכח): השורה המוקדמת ביותר בלוח הפירעונות ('2024') אינה אפס (1299000000.0) — לא ניתן לאשר שאין סכום לפירעון תוך 12 חודשים.,False
GOOGL,2023-12-31,2023,invested_capital,invested_capital -> total_debt -> current_debt,current_debt,current_debt::zero_inference_earliest_bucket_nonzero,current_debt = 0 לא הוסק (תנאי 2 לא הוכח): השורה המוקדמת ביותר בלוח הפירעונות ('2024') אינה אפס (1299000000.0) — לא ניתן לאשר שאין סכום לפירעון תוך 12 חודשים.,False
GOOGL,2023-12-31,2023,nopat,nopat -> effective_tax_rate -> pretax_income,pretax_income,pretax_income::row_not_found,לא נמצאה אף שורת 'pretax_income' בתוך Statement role ראשי התואם לכללי ה-Role של המדד.,False
GOOGL,2023-12-31,2023,average_invested_capital,average_invested_capital -> invested_capital -> total_debt -> current_debt,current_debt,current_debt::zero_inference_earliest_bucket_nonzero,current_debt = 0 לא הוסק (תנאי 2 לא הוכח): השורה המוקדמת ביותר בלוח הפירעונות ('2024') אינה אפס (1299000000.0) — לא ניתן לאשר שאין סכום לפירעון תוך 12 חודשים.,False
GOOGL,2023-12-31,2023,average_invested_capital,average_invested_capital -> invested_capital_prior -> total_debt_prior -> current_debt_prior,current_debt_prior,current_debt_prior::zero_inference_prior_bucket_unreliable,current_debt = 0 לא הוסק (תנאי 2 לא הוכח): לא ניתן לחלץ ערך מהימן ויחיד עבור השורה המוקדמת ביותר בלוח הפירעונות ('2024') — תנאי 2 לא הוכח.,False
GOOGL,2023-12-31,2023,roic,roic -> nopat -> effective_tax_rate -> pretax_income,pretax_income,pretax_income::row_not_found,לא נמצאה אף שורת 'pretax_income' בתוך Statement role ראשי התואם לכללי ה-Role של המדד.,False
GOOGL,2023-12-31,2023,roic,roic -> average_invested_capital -> invested_capital -> total_debt -> current_debt,current_debt,current_debt::zero_inference_earliest_bucket_nonzero,current_debt = 0 לא הוסק (תנאי 2 לא הוכח): השורה המוקדמת ביותר בלוח הפירעונות ('2024') אינה אפס (1299000000.0) — לא ניתן לאשר שאין סכום לפירעון תוך 12 חודשים.,False
GOOGL,2023-12-31,2023,roic,roic -> average_invested_capital -> invested_capital_prior -> total_debt_prior -> current_debt_prior,current_debt_prior,current_debt_prior::zero_inference_prior_bucket_unreliable,current_debt = 0 לא הוסק (תנאי 2 לא הוכח): לא ניתן לחלץ ערך מהימן ויחיד עבור השורה המוקדמת ביותר בלוח הפירעונות ('2024') — תנאי 2 לא הוכח.,False
GOOGL,2024-12-31,2024,current_debt,current_debt,current_debt,current_debt::zero_inference_earliest_bucket_nonzero,current_debt = 0 לא הוסק (תנאי 2 לא הוכח): השורה המוקדמת ביותר בלוח הפירעונות ('2025') אינה אפס (1000000000.0) — לא ניתן לאשר שאין סכום לפירעון תוך 12 חודשים.,True
GOOGL,2024-12-31,2024,total_debt,total_debt -> current_debt,current_debt,current_debt::zero_inference_earliest_bucket_nonzero,current_debt = 0 לא הוסק (תנאי 2 לא הוכח): השורה המוקדמת ביותר בלוח הפירעונות ('2025') אינה אפס (1000000000.0) — לא ניתן לאשר שאין סכום לפירעון תוך 12 חודשים.,False
GOOGL,2024-12-31,2024,adjusted_net_debt,adjusted_net_debt -> total_debt -> current_debt,current_debt,current_debt::zero_inference_earliest_bucket_nonzero,current_debt = 0 לא הוסק (תנאי 2 לא הוכח): השורה המוקדמת ביותר בלוח הפירעונות ('2025') אינה אפס (1000000000.0) — לא ניתן לאשר שאין סכום לפירעון תוך 12 חודשים.,False
GOOGL,2024-12-31,2024,invested_capital,invested_capital -> total_debt -> current_debt,current_debt,current_debt::zero_inference_earliest_bucket_nonzero,current_debt = 0 לא הוסק (תנאי 2 לא הוכח): השורה המוקדמת ביותר בלוח הפירעונות ('2025') אינה אפס (1000000000.0) — לא ניתן לאשר שאין סכום לפירעון תוך 12 חודשים.,False
GOOGL,2024-12-31,2024,average_invested_capital,average_invested_capital -> invested_capital -> total_debt -> current_debt,current_debt,current_debt::zero_inference_earliest_bucket_nonzero,current_debt = 0 לא הוסק (תנאי 2 לא הוכח): השורה המוקדמת ביותר בלוח הפירעונות ('2025') אינה אפס (1000000000.0) — לא ניתן לאשר שאין סכום לפירעון תוך 12 חודשים.,False
GOOGL,2024-12-31,2024,average_invested_capital,average_invested_capital -> invested_capital_prior -> total_debt_prior -> current_debt_prior,current_debt_prior,current_debt_prior::zero_inference_prior_bucket_unreliable,current_debt = 0 לא הוסק (תנאי 2 לא הוכח): לא ניתן לחלץ ערך מהימן ויחיד עבור השורה המוקדמת ביותר בלוח הפירעונות ('2025') — תנאי 2 לא הוכח.,False
GOOGL,2024-12-31,2024,roic,roic -> average_invested_capital -> invested_capital -> total_debt -> current_debt,current_debt,current_debt::zero_inference_earliest_bucket_nonzero,current_debt = 0 לא הוסק (תנאי 2 לא הוכח): השורה המוקדמת ביותר בלוח הפירעונות ('2025') אינה אפס (1000000000.0) — לא ניתן לאשר שאין סכום לפירעון תוך 12 חודשים.,False
GOOGL,2024-12-31,2024,roic,roic -> average_invested_capital -> invested_capital_prior -> total_debt_prior -> current_debt_prior,current_debt_prior,current_debt_prior::zero_inference_prior_bucket_unreliable,current_debt = 0 לא הוסק (תנאי 2 לא הוכח): לא ניתן לחלץ ערך מהימן ויחיד עבור השורה המוקדמת ביותר בלוח הפירעונות ('2025') — תנאי 2 לא הוכח.,False
GOOGL,2025-12-31,2025,current_debt,current_debt,current_debt,current_debt::zero_inference_earliest_bucket_nonzero,current_debt = 0 לא הוסק (תנאי 2 לא הוכח): השורה המוקדמת ביותר בלוח הפירעונות ('2026') אינה אפס (2000000000.0) — לא ניתן לאשר שאין סכום לפירעון תוך 12 חודשים.,True
GOOGL,2025-12-31,2025,total_debt,total_debt -> current_debt,current_debt,current_debt::zero_inference_earliest_bucket_nonzero,current_debt = 0 לא הוסק (תנאי 2 לא הוכח): השורה המוקדמת ביותר בלוח הפירעונות ('2026') אינה אפס (2000000000.0) — לא ניתן לאשר שאין סכום לפירעון תוך 12 חודשים.,False
GOOGL,2025-12-31,2025,adjusted_net_debt,adjusted_net_debt -> total_debt -> current_debt,current_debt,current_debt::zero_inference_earliest_bucket_nonzero,current_debt = 0 לא הוסק (תנאי 2 לא הוכח): השורה המוקדמת ביותר בלוח הפירעונות ('2026') אינה אפס (2000000000.0) — לא ניתן לאשר שאין סכום לפירעון תוך 12 חודשים.,False
GOOGL,2025-12-31,2025,invested_capital,invested_capital -> total_debt -> current_debt,current_debt,current_debt::zero_inference_earliest_bucket_nonzero,current_debt = 0 לא הוסק (תנאי 2 לא הוכח): השורה המוקדמת ביותר בלוח הפירעונות ('2026') אינה אפס (2000000000.0) — לא ניתן לאשר שאין סכום לפירעון תוך 12 חודשים.,False
GOOGL,2025-12-31,2025,average_invested_capital,average_invested_capital -> invested_capital -> total_debt -> current_debt,current_debt,current_debt::zero_inference_earliest_bucket_nonzero,current_debt = 0 לא הוסק (תנאי 2 לא הוכח): השורה המוקדמת ביותר בלוח הפירעונות ('2026') אינה אפס (2000000000.0) — לא ניתן לאשר שאין סכום לפירעון תוך 12 חודשים.,False
GOOGL,2025-12-31,2025,average_invested_capital,average_invested_capital -> invested_capital_prior -> total_debt_prior -> current_debt_prior,current_debt_prior,current_debt_prior::zero_inference_prior_bucket_unreliable,current_debt = 0 לא הוסק (תנאי 2 לא הוכח): לא ניתן לחלץ ערך מהימן ויחיד עבור השורה המוקדמת ביותר בלוח הפירעונות ('2026') — תנאי 2 לא הוכח.,False
GOOGL,2025-12-31,2025,roic,roic -> average_invested_capital -> invested_capital -> total_debt -> current_debt,current_debt,current_debt::zero_inference_earliest_bucket_nonzero,current_debt = 0 לא הוסק (תנאי 2 לא הוכח): השורה המוקדמת ביותר בלוח הפירעונות ('2026') אינה אפס (2000000000.0) — לא ניתן לאשר שאין סכום לפירעון תוך 12 חודשים.,False
GOOGL,2025-12-31,2025,roic,roic -> average_invested_capital -> invested_capital_prior -> total_debt_prior -> current_debt_prior,current_debt_prior,current_debt_prior::zero_inference_prior_bucket_unreliable,current_debt = 0 לא הוסק (תנאי 2 לא הוכח): לא ניתן לחלץ ערך מהימן ויחיד עבור השורה המוקדמת ביותר בלוח הפירעונות ('2026') — תנאי 2 לא הוכח.,False
AMZN,2021-12-31,2021,current_debt,current_debt,current_debt,current_debt::zero_inference_earliest_bucket_nonzero,current_debt = 0 לא הוסק (תנאי 2 לא הוכח): השורה המוקדמת ביותר בלוח הפירעונות ('2022') אינה אפס (1493000000.0) — לא ניתן לאשר שאין סכום לפירעון תוך 12 חודשים.,True
AMZN,2021-12-31,2021,total_debt,total_debt -> current_debt,current_debt,current_debt::zero_inference_earliest_bucket_nonzero,current_debt = 0 לא הוסק (תנאי 2 לא הוכח): השורה המוקדמת ביותר בלוח הפירעונות ('2022') אינה אפס (1493000000.0) — לא ניתן לאשר שאין סכום לפירעון תוך 12 חודשים.,False
AMZN,2021-12-31,2021,adjusted_net_debt,adjusted_net_debt -> total_debt -> current_debt,current_debt,current_debt::zero_inference_earliest_bucket_nonzero,current_debt = 0 לא הוסק (תנאי 2 לא הוכח): השורה המוקדמת ביותר בלוח הפירעונות ('2022') אינה אפס (1493000000.0) — לא ניתן לאשר שאין סכום לפירעון תוך 12 חודשים.,False
AMZN,2021-12-31,2021,invested_capital,invested_capital -> total_debt -> current_debt,current_debt,current_debt::zero_inference_earliest_bucket_nonzero,current_debt = 0 לא הוסק (תנאי 2 לא הוכח): השורה המוקדמת ביותר בלוח הפירעונות ('2022') אינה אפס (1493000000.0) — לא ניתן לאשר שאין סכום לפירעון תוך 12 חודשים.,False
AMZN,2021-12-31,2021,average_invested_capital,average_invested_capital -> invested_capital -> total_debt -> current_debt,current_debt,current_debt::zero_inference_earliest_bucket_nonzero,current_debt = 0 לא הוסק (תנאי 2 לא הוכח): השורה המוקדמת ביותר בלוח הפירעונות ('2022') אינה אפס (1493000000.0) — לא ניתן לאשר שאין סכום לפירעון תוך 12 חודשים.,False
AMZN,2021-12-31,2021,average_invested_capital,average_invested_capital -> invested_capital_prior -> total_debt_prior -> current_debt_prior,current_debt_prior,current_debt_prior::zero_inference_prior_bucket_unreliable,current_debt = 0 לא הוסק (תנאי 2 לא הוכח): לא ניתן לחלץ ערך מהימן ויחיד עבור השורה המוקדמת ביותר בלוח הפירעונות ('2022') — תנאי 2 לא הוכח.,False
AMZN,2021-12-31,2021,roic,roic -> average_invested_capital -> invested_capital -> total_debt -> current_debt,current_debt,current_debt::zero_inference_earliest_bucket_nonzero,current_debt = 0 לא הוסק (תנאי 2 לא הוכח): השורה המוקדמת ביותר בלוח הפירעונות ('2022') אינה אפס (1493000000.0) — לא ניתן לאשר שאין סכום לפירעון תוך 12 חודשים.,False
AMZN,2021-12-31,2021,roic,roic -> average_invested_capital -> invested_capital_prior -> total_debt_prior -> current_debt_prior,current_debt_prior,current_debt_prior::zero_inference_prior_bucket_unreliable,current_debt = 0 לא הוסק (תנאי 2 לא הוכח): לא ניתן לחלץ ערך מהימן ויחיד עבור השורה המוקדמת ביותר בלוח הפירעונות ('2022') — תנאי 2 לא הוכח.,False
AMZN,2022-12-31,2022,current_debt,current_debt,current_debt,current_debt::zero_inference_earliest_bucket_nonzero,current_debt = 0 לא הוסק (תנאי 2 לא הוכח): השורה המוקדמת ביותר בלוח הפירעונות ('2023') אינה אפס (3000000000.0) — לא ניתן לאשר שאין סכום לפירעון תוך 12 חודשים.,True
AMZN,2022-12-31,2022,effective_tax_rate,effective_tax_rate,effective_tax_rate,effective_tax_rate::pretax_income_not_positive,Pretax Income אינו חיובי (-5936000000.0) — לא ניתן לחשב שיעור מס אפקטיבי מהימן.,True
AMZN,2022-12-31,2022,total_debt,total_debt -> current_debt,current_debt,current_debt::zero_inference_earliest_bucket_nonzero,current_debt = 0 לא הוסק (תנאי 2 לא הוכח): השורה המוקדמת ביותר בלוח הפירעונות ('2023') אינה אפס (3000000000.0) — לא ניתן לאשר שאין סכום לפירעון תוך 12 חודשים.,False
AMZN,2022-12-31,2022,adjusted_net_debt,adjusted_net_debt -> total_debt -> current_debt,current_debt,current_debt::zero_inference_earliest_bucket_nonzero,current_debt = 0 לא הוסק (תנאי 2 לא הוכח): השורה המוקדמת ביותר בלוח הפירעונות ('2023') אינה אפס (3000000000.0) — לא ניתן לאשר שאין סכום לפירעון תוך 12 חודשים.,False
AMZN,2022-12-31,2022,invested_capital,invested_capital -> total_debt -> current_debt,current_debt,current_debt::zero_inference_earliest_bucket_nonzero,current_debt = 0 לא הוסק (תנאי 2 לא הוכח): השורה המוקדמת ביותר בלוח הפירעונות ('2023') אינה אפס (3000000000.0) — לא ניתן לאשר שאין סכום לפירעון תוך 12 חודשים.,False
AMZN,2022-12-31,2022,nopat,nopat -> effective_tax_rate,effective_tax_rate,effective_tax_rate::pretax_income_not_positive,Pretax Income אינו חיובי (-5936000000.0) — לא ניתן לחשב שיעור מס אפקטיבי מהימן.,False
AMZN,2022-12-31,2022,average_invested_capital,average_invested_capital -> invested_capital -> total_debt -> current_debt,current_debt,current_debt::zero_inference_earliest_bucket_nonzero,current_debt = 0 לא הוסק (תנאי 2 לא הוכח): השורה המוקדמת ביותר בלוח הפירעונות ('2023') אינה אפס (3000000000.0) — לא ניתן לאשר שאין סכום לפירעון תוך 12 חודשים.,False
AMZN,2022-12-31,2022,average_invested_capital,average_invested_capital -> invested_capital_prior -> total_debt_prior -> current_debt_prior,current_debt_prior,current_debt_prior::zero_inference_prior_bucket_unreliable,current_debt = 0 לא הוסק (תנאי 2 לא הוכח): לא ניתן לחלץ ערך מהימן ויחיד עבור השורה המוקדמת ביותר בלוח הפירעונות ('2023') — תנאי 2 לא הוכח.,False
AMZN,2022-12-31,2022,roic,roic -> nopat -> effective_tax_rate,effective_tax_rate,effective_tax_rate::pretax_income_not_positive,Pretax Income אינו חיובי (-5936000000.0) — לא ניתן לחשב שיעור מס אפקטיבי מהימן.,False
AMZN,2022-12-31,2022,roic,roic -> average_invested_capital -> invested_capital -> total_debt -> current_debt,current_debt,current_debt::zero_inference_earliest_bucket_nonzero,current_debt = 0 לא הוסק (תנאי 2 לא הוכח): השורה המוקדמת ביותר בלוח הפירעונות ('2023') אינה אפס (3000000000.0) — לא ניתן לאשר שאין סכום לפירעון תוך 12 חודשים.,False
AMZN,2022-12-31,2022,roic,roic -> average_invested_capital -> invested_capital_prior -> total_debt_prior -> current_debt_prior,current_debt_prior,current_debt_prior::zero_inference_prior_bucket_unreliable,current_debt = 0 לא הוסק (תנאי 2 לא הוכח): לא ניתן לחלץ ערך מהימן ויחיד עבור השורה המוקדמת ביותר בלוח הפירעונות ('2023') — תנאי 2 לא הוכח.,False
AMZN,2023-12-31,2023,current_debt,current_debt,current_debt,current_debt::zero_inference_earliest_bucket_nonzero,current_debt = 0 לא הוסק (תנאי 2 לא הוכח): השורה המוקדמת ביותר בלוח הפירעונות ('2024') אינה אפס (8500000000.0) — לא ניתן לאשר שאין סכום לפירעון תוך 12 חודשים.,True
AMZN,2023-12-31,2023,total_debt,total_debt -> current_debt,current_debt,current_debt::zero_inference_earliest_bucket_nonzero,current_debt = 0 לא הוסק (תנאי 2 לא הוכח): השורה המוקדמת ביותר בלוח הפירעונות ('2024') אינה אפס (8500000000.0) — לא ניתן לאשר שאין סכום לפירעון תוך 12 חודשים.,False
AMZN,2023-12-31,2023,adjusted_net_debt,adjusted_net_debt -> total_debt -> current_debt,current_debt,current_debt::zero_inference_earliest_bucket_nonzero,current_debt = 0 לא הוסק (תנאי 2 לא הוכח): השורה המוקדמת ביותר בלוח הפירעונות ('2024') אינה אפס (8500000000.0) — לא ניתן לאשר שאין סכום לפירעון תוך 12 חודשים.,False
AMZN,2023-12-31,2023,invested_capital,invested_capital -> total_debt -> current_debt,current_debt,current_debt::zero_inference_earliest_bucket_nonzero,current_debt = 0 לא הוסק (תנאי 2 לא הוכח): השורה המוקדמת ביותר בלוח הפירעונות ('2024') אינה אפס (8500000000.0) — לא ניתן לאשר שאין סכום לפירעון תוך 12 חודשים.,False
AMZN,2023-12-31,2023,average_invested_capital,average_invested_capital -> invested_capital -> total_debt -> current_debt,current_debt,current_debt::zero_inference_earliest_bucket_nonzero,current_debt = 0 לא הוסק (תנאי 2 לא הוכח): השורה המוקדמת ביותר בלוח הפירעונות ('2024') אינה אפס (8500000000.0) — לא ניתן לאשר שאין סכום לפירעון תוך 12 חודשים.,False
AMZN,2023-12-31,2023,average_invested_capital,average_invested_capital -> invested_capital_prior -> total_debt_prior -> current_debt_prior,current_debt_prior,current_debt_prior::zero_inference_prior_bucket_unreliable,current_debt = 0 לא הוסק (תנאי 2 לא הוכח): לא ניתן לחלץ ערך מהימן ויחיד עבור השורה המוקדמת ביותר בלוח הפירעונות ('2024') — תנאי 2 לא הוכח.,False
AMZN,2023-12-31,2023,roic,roic -> average_invested_capital -> invested_capital -> total_debt -> current_debt,current_debt,current_debt::zero_inference_earliest_bucket_nonzero,current_debt = 0 לא הוסק (תנאי 2 לא הוכח): השורה המוקדמת ביותר בלוח הפירעונות ('2024') אינה אפס (8500000000.0) — לא ניתן לאשר שאין סכום לפירעון תוך 12 חודשים.,False
AMZN,2023-12-31,2023,roic,roic -> average_invested_capital -> invested_capital_prior -> total_debt_prior -> current_debt_prior,current_debt_prior,current_debt_prior::zero_inference_prior_bucket_unreliable,current_debt = 0 לא הוסק (תנאי 2 לא הוכח): לא ניתן לחלץ ערך מהימן ויחיד עבור השורה המוקדמת ביותר בלוח הפירעונות ('2024') — תנאי 2 לא הוכח.,False
AMZN,2024-12-31,2024,current_debt,current_debt,current_debt,current_debt::zero_inference_earliest_bucket_nonzero,current_debt = 0 לא הוסק (תנאי 2 לא הוכח): השורה המוקדמת ביותר בלוח הפירעונות ('2025') אינה אפס (5000000000.0) — לא ניתן לאשר שאין סכום לפירעון תוך 12 חודשים.,True
AMZN,2024-12-31,2024,total_debt,total_debt -> current_debt,current_debt,current_debt::zero_inference_earliest_bucket_nonzero,current_debt = 0 לא הוסק (תנאי 2 לא הוכח): השורה המוקדמת ביותר בלוח הפירעונות ('2025') אינה אפס (5000000000.0) — לא ניתן לאשר שאין סכום לפירעון תוך 12 חודשים.,False
AMZN,2024-12-31,2024,adjusted_net_debt,adjusted_net_debt -> total_debt -> current_debt,current_debt,current_debt::zero_inference_earliest_bucket_nonzero,current_debt = 0 לא הוסק (תנאי 2 לא הוכח): השורה המוקדמת ביותר בלוח הפירעונות ('2025') אינה אפס (5000000000.0) — לא ניתן לאשר שאין סכום לפירעון תוך 12 חודשים.,False
AMZN,2024-12-31,2024,invested_capital,invested_capital -> total_debt -> current_debt,current_debt,current_debt::zero_inference_earliest_bucket_nonzero,current_debt = 0 לא הוסק (תנאי 2 לא הוכח): השורה המוקדמת ביותר בלוח הפירעונות ('2025') אינה אפס (5000000000.0) — לא ניתן לאשר שאין סכום לפירעון תוך 12 חודשים.,False
AMZN,2024-12-31,2024,average_invested_capital,average_invested_capital -> invested_capital -> total_debt -> current_debt,current_debt,current_debt::zero_inference_earliest_bucket_nonzero,current_debt = 0 לא הוסק (תנאי 2 לא הוכח): השורה המוקדמת ביותר בלוח הפירעונות ('2025') אינה אפס (5000000000.0) — לא ניתן לאשר שאין סכום לפירעון תוך 12 חודשים.,False
AMZN,2024-12-31,2024,average_invested_capital,average_invested_capital -> invested_capital_prior -> total_debt_prior -> current_debt_prior,current_debt_prior,current_debt_prior::zero_inference_prior_bucket_unreliable,current_debt = 0 לא הוסק (תנאי 2 לא הוכח): לא ניתן לחלץ ערך מהימן ויחיד עבור השורה המוקדמת ביותר בלוח הפירעונות ('2025') — תנאי 2 לא הוכח.,False
AMZN,2024-12-31,2024,roic,roic -> average_invested_capital -> invested_capital -> total_debt -> current_debt,current_debt,current_debt::zero_inference_earliest_bucket_nonzero,current_debt = 0 לא הוסק (תנאי 2 לא הוכח): השורה המוקדמת ביותר בלוח הפירעונות ('2025') אינה אפס (5000000000.0) — לא ניתן לאשר שאין סכום לפירעון תוך 12 חודשים.,False
AMZN,2024-12-31,2024,roic,roic -> average_invested_capital -> invested_capital_prior -> total_debt_prior -> current_debt_prior,current_debt_prior,current_debt_prior::zero_inference_prior_bucket_unreliable,current_debt = 0 לא הוסק (תנאי 2 לא הוכח): לא ניתן לחלץ ערך מהימן ויחיד עבור השורה המוקדמת ביותר בלוח הפירעונות ('2025') — תנאי 2 לא הוכח.,False
AMZN,2025-12-31,2025,current_debt,current_debt,current_debt,current_debt::zero_inference_earliest_bucket_nonzero,current_debt = 0 לא הוסק (תנאי 2 לא הוכח): השורה המוקדמת ביותר בלוח הפירעונות ('2026') אינה אפס (2752000000.0) — לא ניתן לאשר שאין סכום לפירעון תוך 12 חודשים.,True
AMZN,2025-12-31,2025,total_debt,total_debt -> current_debt,current_debt,current_debt::zero_inference_earliest_bucket_nonzero,current_debt = 0 לא הוסק (תנאי 2 לא הוכח): השורה המוקדמת ביותר בלוח הפירעונות ('2026') אינה אפס (2752000000.0) — לא ניתן לאשר שאין סכום לפירעון תוך 12 חודשים.,False
AMZN,2025-12-31,2025,adjusted_net_debt,adjusted_net_debt -> total_debt -> current_debt,current_debt,current_debt::zero_inference_earliest_bucket_nonzero,current_debt = 0 לא הוסק (תנאי 2 לא הוכח): השורה המוקדמת ביותר בלוח הפירעונות ('2026') אינה אפס (2752000000.0) — לא ניתן לאשר שאין סכום לפירעון תוך 12 חודשים.,False
AMZN,2025-12-31,2025,invested_capital,invested_capital -> total_debt -> current_debt,current_debt,current_debt::zero_inference_earliest_bucket_nonzero,current_debt = 0 לא הוסק (תנאי 2 לא הוכח): השורה המוקדמת ביותר בלוח הפירעונות ('2026') אינה אפס (2752000000.0) — לא ניתן לאשר שאין סכום לפירעון תוך 12 חודשים.,False
AMZN,2025-12-31,2025,average_invested_capital,average_invested_capital -> invested_capital -> total_debt -> current_debt,current_debt,current_debt::zero_inference_earliest_bucket_nonzero,current_debt = 0 לא הוסק (תנאי 2 לא הוכח): השורה המוקדמת ביותר בלוח הפירעונות ('2026') אינה אפס (2752000000.0) — לא ניתן לאשר שאין סכום לפירעון תוך 12 חודשים.,False
AMZN,2025-12-31,2025,average_invested_capital,average_invested_capital -> invested_capital_prior -> total_debt_prior -> current_debt_prior,current_debt_prior,current_debt_prior::zero_inference_prior_bucket_unreliable,current_debt = 0 לא הוסק (תנאי 2 לא הוכח): לא ניתן לחלץ ערך מהימן ויחיד עבור השורה המוקדמת ביותר בלוח הפירעונות ('2026') — תנאי 2 לא הוכח.,False
AMZN,2025-12-31,2025,roic,roic -> average_invested_capital -> invested_capital -> total_debt -> current_debt,current_debt,current_debt::zero_inference_earliest_bucket_nonzero,current_debt = 0 לא הוסק (תנאי 2 לא הוכח): השורה המוקדמת ביותר בלוח הפירעונות ('2026') אינה אפס (2752000000.0) — לא ניתן לאשר שאין סכום לפירעון תוך 12 חודשים.,False
AMZN,2025-12-31,2025,roic,roic -> average_invested_capital -> invested_capital_prior -> total_debt_prior -> current_debt_prior,current_debt_prior,current_debt_prior::zero_inference_prior_bucket_unreliable,current_debt = 0 לא הוסק (תנאי 2 לא הוכח): לא ניתן לחלץ ערך מהימן ויחיד עבור השורה המוקדמת ביותר בלוח הפירעונות ('2026') — תנאי 2 לא הוכח.,False
MU,2021-09-02,2021,cash_and_equivalents,cash_and_equivalents,cash_and_equivalents,cash_and_equivalents::row_not_found,לא נמצאה אף שורת 'cash_and_equivalents' בתוך Statement role ראשי התואם לכללי ה-Role של המדד.,True
MU,2021-09-02,2021,pretax_income,pretax_income,pretax_income,pretax_income::row_ambiguous,"לא ניתן לזהות שורת 'pretax_income' יחידה וחד-משמעית.
מספר שורות מועמדות כוללות: 1, מתוכן 'attributable': 0, 'plain': 0",True
MU,2021-09-02,2021,effective_tax_rate,effective_tax_rate -> pretax_income,pretax_income,pretax_income::row_ambiguous,"לא ניתן לזהות שורת 'pretax_income' יחידה וחד-משמעית.
מספר שורות מועמדות כוללות: 1, מתוכן 'attributable': 0, 'plain': 0",False
MU,2021-09-02,2021,adjusted_net_debt,adjusted_net_debt -> cash_and_equivalents,cash_and_equivalents,cash_and_equivalents::row_not_found,לא נמצאה אף שורת 'cash_and_equivalents' בתוך Statement role ראשי התואם לכללי ה-Role של המדד.,False
MU,2021-09-02,2021,invested_capital,invested_capital -> cash_and_equivalents,cash_and_equivalents,cash_and_equivalents::row_not_found,לא נמצאה אף שורת 'cash_and_equivalents' בתוך Statement role ראשי התואם לכללי ה-Role של המדד.,False
MU,2021-09-02,2021,nopat,nopat -> effective_tax_rate -> pretax_income,pretax_income,pretax_income::row_ambiguous,"לא ניתן לזהות שורת 'pretax_income' יחידה וחד-משמעית.
מספר שורות מועמדות כוללות: 1, מתוכן 'attributable': 0, 'plain': 0",False
MU,2021-09-02,2021,average_invested_capital,average_invested_capital -> invested_capital -> cash_and_equivalents,cash_and_equivalents,cash_and_equivalents::row_not_found,לא נמצאה אף שורת 'cash_and_equivalents' בתוך Statement role ראשי התואם לכללי ה-Role של המדד.,False
MU,2021-09-02,2021,average_invested_capital,average_invested_capital -> invested_capital_prior -> cash_and_equivalents_prior,cash_and_equivalents_prior,cash_and_equivalents_prior::row_not_found,לא נמצאה אף שורת 'cash_and_equivalents' בתוך Statement role ראשי התואם לכללי ה-Role של המדד.,False
MU,2021-09-02,2021,roic,roic -> nopat -> effective_tax_rate -> pretax_income,pretax_income,pretax_income::row_ambiguous,"לא ניתן לזהות שורת 'pretax_income' יחידה וחד-משמעית.
מספר שורות מועמדות כוללות: 1, מתוכן 'attributable': 0, 'plain': 0",False
MU,2021-09-02,2021,roic,roic -> average_invested_capital -> invested_capital -> cash_and_equivalents,cash_and_equivalents,cash_and_equivalents::row_not_found,לא נמצאה אף שורת 'cash_and_equivalents' בתוך Statement role ראשי התואם לכללי ה-Role של המדד.,False
MU,2021-09-02,2021,roic,roic -> average_invested_capital -> invested_capital_prior -> cash_and_equivalents_prior,cash_and_equivalents_prior,cash_and_equivalents_prior::row_not_found,לא נמצאה אף שורת 'cash_and_equivalents' בתוך Statement role ראשי התואם לכללי ה-Role של המדד.,False
MU,2022-09-01,2022,cash_and_equivalents,cash_and_equivalents,cash_and_equivalents,cash_and_equivalents::row_not_found,לא נמצאה אף שורת 'cash_and_equivalents' בתוך Statement role ראשי התואם לכללי ה-Role של המדד.,True
MU,2022-09-01,2022,pretax_income,pretax_income,pretax_income,pretax_income::row_ambiguous,"לא ניתן לזהות שורת 'pretax_income' יחידה וחד-משמעית.
מספר שורות מועמדות כוללות: 1, מתוכן 'attributable': 0, 'plain': 0",True
MU,2022-09-01,2022,effective_tax_rate,effective_tax_rate -> pretax_income,pretax_income,pretax_income::row_ambiguous,"לא ניתן לזהות שורת 'pretax_income' יחידה וחד-משמעית.
מספר שורות מועמדות כוללות: 1, מתוכן 'attributable': 0, 'plain': 0",False
MU,2022-09-01,2022,adjusted_net_debt,adjusted_net_debt -> cash_and_equivalents,cash_and_equivalents,cash_and_equivalents::row_not_found,לא נמצאה אף שורת 'cash_and_equivalents' בתוך Statement role ראשי התואם לכללי ה-Role של המדד.,False
MU,2022-09-01,2022,invested_capital,invested_capital -> cash_and_equivalents,cash_and_equivalents,cash_and_equivalents::row_not_found,לא נמצאה אף שורת 'cash_and_equivalents' בתוך Statement role ראשי התואם לכללי ה-Role של המדד.,False
MU,2022-09-01,2022,nopat,nopat -> effective_tax_rate -> pretax_income,pretax_income,pretax_income::row_ambiguous,"לא ניתן לזהות שורת 'pretax_income' יחידה וחד-משמעית.
מספר שורות מועמדות כוללות: 1, מתוכן 'attributable': 0, 'plain': 0",False
MU,2022-09-01,2022,average_invested_capital,average_invested_capital -> invested_capital -> cash_and_equivalents,cash_and_equivalents,cash_and_equivalents::row_not_found,לא נמצאה אף שורת 'cash_and_equivalents' בתוך Statement role ראשי התואם לכללי ה-Role של המדד.,False
MU,2022-09-01,2022,average_invested_capital,average_invested_capital -> invested_capital_prior -> cash_and_equivalents_prior,cash_and_equivalents_prior,cash_and_equivalents_prior::row_not_found,לא נמצאה אף שורת 'cash_and_equivalents' בתוך Statement role ראשי התואם לכללי ה-Role של המדד.,False
MU,2022-09-01,2022,roic,roic -> nopat -> effective_tax_rate -> pretax_income,pretax_income,pretax_income::row_ambiguous,"לא ניתן לזהות שורת 'pretax_income' יחידה וחד-משמעית.
מספר שורות מועמדות כוללות: 1, מתוכן 'attributable': 0, 'plain': 0",False
MU,2022-09-01,2022,roic,roic -> average_invested_capital -> invested_capital -> cash_and_equivalents,cash_and_equivalents,cash_and_equivalents::row_not_found,לא נמצאה אף שורת 'cash_and_equivalents' בתוך Statement role ראשי התואם לכללי ה-Role של המדד.,False
MU,2022-09-01,2022,roic,roic -> average_invested_capital -> invested_capital_prior -> cash_and_equivalents_prior,cash_and_equivalents_prior,cash_and_equivalents_prior::row_not_found,לא נמצאה אף שורת 'cash_and_equivalents' בתוך Statement role ראשי התואם לכללי ה-Role של המדד.,False
MU,2023-08-31,2023,cash_and_equivalents,cash_and_equivalents,cash_and_equivalents,cash_and_equivalents::row_not_found,לא נמצאה אף שורת 'cash_and_equivalents' בתוך Statement role ראשי התואם לכללי ה-Role של המדד.,True
MU,2023-08-31,2023,effective_tax_rate,effective_tax_rate,effective_tax_rate,effective_tax_rate::pretax_income_not_positive,Pretax Income אינו חיובי (-5658000000.0) — לא ניתן לחשב שיעור מס אפקטיבי מהימן.,True
MU,2023-08-31,2023,adjusted_net_debt,adjusted_net_debt -> cash_and_equivalents,cash_and_equivalents,cash_and_equivalents::row_not_found,לא נמצאה אף שורת 'cash_and_equivalents' בתוך Statement role ראשי התואם לכללי ה-Role של המדד.,False
MU,2023-08-31,2023,invested_capital,invested_capital -> cash_and_equivalents,cash_and_equivalents,cash_and_equivalents::row_not_found,לא נמצאה אף שורת 'cash_and_equivalents' בתוך Statement role ראשי התואם לכללי ה-Role של המדד.,False
MU,2023-08-31,2023,nopat,nopat -> effective_tax_rate,effective_tax_rate,effective_tax_rate::pretax_income_not_positive,Pretax Income אינו חיובי (-5658000000.0) — לא ניתן לחשב שיעור מס אפקטיבי מהימן.,False
MU,2023-08-31,2023,average_invested_capital,average_invested_capital -> invested_capital -> cash_and_equivalents,cash_and_equivalents,cash_and_equivalents::row_not_found,לא נמצאה אף שורת 'cash_and_equivalents' בתוך Statement role ראשי התואם לכללי ה-Role של המדד.,False
MU,2023-08-31,2023,average_invested_capital,average_invested_capital -> invested_capital_prior -> cash_and_equivalents_prior,cash_and_equivalents_prior,cash_and_equivalents_prior::row_not_found,לא נמצאה אף שורת 'cash_and_equivalents' בתוך Statement role ראשי התואם לכללי ה-Role של המדד.,False
MU,2023-08-31,2023,roic,roic -> nopat -> effective_tax_rate,effective_tax_rate,effective_tax_rate::pretax_income_not_positive,Pretax Income אינו חיובי (-5658000000.0) — לא ניתן לחשב שיעור מס אפקטיבי מהימן.,False
MU,2023-08-31,2023,roic,roic -> average_invested_capital -> invested_capital -> cash_and_equivalents,cash_and_equivalents,cash_and_equivalents::row_not_found,לא נמצאה אף שורת 'cash_and_equivalents' בתוך Statement role ראשי התואם לכללי ה-Role של המדד.,False
MU,2023-08-31,2023,roic,roic -> average_invested_capital -> invested_capital_prior -> cash_and_equivalents_prior,cash_and_equivalents_prior,cash_and_equivalents_prior::row_not_found,לא נמצאה אף שורת 'cash_and_equivalents' בתוך Statement role ראשי התואם לכללי ה-Role של המדד.,False
MU,2024-08-29,2024,cash_and_equivalents,cash_and_equivalents,cash_and_equivalents,cash_and_equivalents::row_not_found,לא נמצאה אף שורת 'cash_and_equivalents' בתוך Statement role ראשי התואם לכללי ה-Role של המדד.,True
MU,2024-08-29,2024,adjusted_net_debt,adjusted_net_debt -> cash_and_equivalents,cash_and_equivalents,cash_and_equivalents::row_not_found,לא נמצאה אף שורת 'cash_and_equivalents' בתוך Statement role ראשי התואם לכללי ה-Role של המדד.,False
MU,2024-08-29,2024,invested_capital,invested_capital -> cash_and_equivalents,cash_and_equivalents,cash_and_equivalents::row_not_found,לא נמצאה אף שורת 'cash_and_equivalents' בתוך Statement role ראשי התואם לכללי ה-Role של המדד.,False
MU,2024-08-29,2024,average_invested_capital,average_invested_capital -> invested_capital -> cash_and_equivalents,cash_and_equivalents,cash_and_equivalents::row_not_found,לא נמצאה אף שורת 'cash_and_equivalents' בתוך Statement role ראשי התואם לכללי ה-Role של המדד.,False
MU,2024-08-29,2024,average_invested_capital,average_invested_capital -> invested_capital_prior -> cash_and_equivalents_prior,cash_and_equivalents_prior,cash_and_equivalents_prior::row_not_found,לא נמצאה אף שורת 'cash_and_equivalents' בתוך Statement role ראשי התואם לכללי ה-Role של המדד.,False
MU,2024-08-29,2024,roic,roic -> average_invested_capital -> invested_capital -> cash_and_equivalents,cash_and_equivalents,cash_and_equivalents::row_not_found,לא נמצאה אף שורת 'cash_and_equivalents' בתוך Statement role ראשי התואם לכללי ה-Role של המדד.,False
MU,2024-08-29,2024,roic,roic -> average_invested_capital -> invested_capital_prior -> cash_and_equivalents_prior,cash_and_equivalents_prior,cash_and_equivalents_prior::row_not_found,לא נמצאה אף שורת 'cash_and_equivalents' בתוך Statement role ראשי התואם לכללי ה-Role של המדד.,False
CRWD,2022-01-31,2022,current_debt,current_debt,current_debt,current_debt::zero_inference_role_not_found,current_debt = 0 לא הוסק (תנאי 2 לא הוכח): לא נמצא באופן חד-משמעי ביאור לוח פירעונות חוב (Debt Maturity Schedule) — לא ניתן לאשר תנאי 2.,True
CRWD,2022-01-31,2022,pretax_income,pretax_income,pretax_income,pretax_income::row_not_found,לא נמצאה אף שורת 'pretax_income' בתוך Statement role ראשי התואם לכללי ה-Role של המדד.,True
CRWD,2022-01-31,2022,short_term_investments,short_term_investments,short_term_investments,short_term_investments::row_not_found,לא נמצאה אף שורת 'short_term_investments' בתוך Statement role ראשי התואם לכללי ה-Role של המדד.,True
CRWD,2022-01-31,2022,effective_tax_rate,effective_tax_rate -> pretax_income,pretax_income,pretax_income::row_not_found,לא נמצאה אף שורת 'pretax_income' בתוך Statement role ראשי התואם לכללי ה-Role של המדד.,False
CRWD,2022-01-31,2022,total_debt,total_debt -> current_debt,current_debt,current_debt::zero_inference_role_not_found,current_debt = 0 לא הוסק (תנאי 2 לא הוכח): לא נמצא באופן חד-משמעי ביאור לוח פירעונות חוב (Debt Maturity Schedule) — לא ניתן לאשר תנאי 2.,False
CRWD,2022-01-31,2022,adjusted_net_debt,adjusted_net_debt -> total_debt -> current_debt,current_debt,current_debt::zero_inference_role_not_found,current_debt = 0 לא הוסק (תנאי 2 לא הוכח): לא נמצא באופן חד-משמעי ביאור לוח פירעונות חוב (Debt Maturity Schedule) — לא ניתן לאשר תנאי 2.,False
CRWD,2022-01-31,2022,adjusted_net_debt,adjusted_net_debt -> short_term_investments,short_term_investments,short_term_investments::row_not_found,לא נמצאה אף שורת 'short_term_investments' בתוך Statement role ראשי התואם לכללי ה-Role של המדד.,False
CRWD,2022-01-31,2022,invested_capital,invested_capital -> total_debt -> current_debt,current_debt,current_debt::zero_inference_role_not_found,current_debt = 0 לא הוסק (תנאי 2 לא הוכח): לא נמצא באופן חד-משמעי ביאור לוח פירעונות חוב (Debt Maturity Schedule) — לא ניתן לאשר תנאי 2.,False
CRWD,2022-01-31,2022,invested_capital,invested_capital -> short_term_investments,short_term_investments,short_term_investments::row_not_found,לא נמצאה אף שורת 'short_term_investments' בתוך Statement role ראשי התואם לכללי ה-Role של המדד.,False
CRWD,2022-01-31,2022,nopat,nopat -> effective_tax_rate -> pretax_income,pretax_income,pretax_income::row_not_found,לא נמצאה אף שורת 'pretax_income' בתוך Statement role ראשי התואם לכללי ה-Role של המדד.,False
CRWD,2022-01-31,2022,average_invested_capital,average_invested_capital -> invested_capital -> total_debt -> current_debt,current_debt,current_debt::zero_inference_role_not_found,current_debt = 0 לא הוסק (תנאי 2 לא הוכח): לא נמצא באופן חד-משמעי ביאור לוח פירעונות חוב (Debt Maturity Schedule) — לא ניתן לאשר תנאי 2.,False
CRWD,2022-01-31,2022,average_invested_capital,average_invested_capital -> invested_capital -> short_term_investments,short_term_investments,short_term_investments::row_not_found,לא נמצאה אף שורת 'short_term_investments' בתוך Statement role ראשי התואם לכללי ה-Role של המדד.,False
CRWD,2022-01-31,2022,average_invested_capital,average_invested_capital -> invested_capital_prior -> total_debt_prior -> current_debt_prior,current_debt_prior,current_debt_prior::zero_inference_role_not_found,current_debt = 0 לא הוסק (תנאי 2 לא הוכח): לא נמצא באופן חד-משמעי ביאור לוח פירעונות חוב (Debt Maturity Schedule) — לא ניתן לאשר תנאי 2.,False
CRWD,2022-01-31,2022,average_invested_capital,average_invested_capital -> invested_capital_prior -> short_term_investments_prior,short_term_investments_prior,short_term_investments_prior::row_not_found,לא נמצאה אף שורת 'short_term_investments' בתוך Statement role ראשי התואם לכללי ה-Role של המדד.,False
CRWD,2022-01-31,2022,roic,roic -> nopat -> effective_tax_rate -> pretax_income,pretax_income,pretax_income::row_not_found,לא נמצאה אף שורת 'pretax_income' בתוך Statement role ראשי התואם לכללי ה-Role של המדד.,False
CRWD,2022-01-31,2022,roic,roic -> average_invested_capital -> invested_capital -> total_debt -> current_debt,current_debt,current_debt::zero_inference_role_not_found,current_debt = 0 לא הוסק (תנאי 2 לא הוכח): לא נמצא באופן חד-משמעי ביאור לוח פירעונות חוב (Debt Maturity Schedule) — לא ניתן לאשר תנאי 2.,False
CRWD,2022-01-31,2022,roic,roic -> average_invested_capital -> invested_capital -> short_term_investments,short_term_investments,short_term_investments::row_not_found,לא נמצאה אף שורת 'short_term_investments' בתוך Statement role ראשי התואם לכללי ה-Role של המדד.,False
CRWD,2022-01-31,2022,roic,roic -> average_invested_capital -> invested_capital_prior -> total_debt_prior -> current_debt_prior,current_debt_prior,current_debt_prior::zero_inference_role_not_found,current_debt = 0 לא הוסק (תנאי 2 לא הוכח): לא נמצא באופן חד-משמעי ביאור לוח פירעונות חוב (Debt Maturity Schedule) — לא ניתן לאשר תנאי 2.,False
CRWD,2022-01-31,2022,roic,roic -> average_invested_capital -> invested_capital_prior -> short_term_investments_prior,short_term_investments_prior,short_term_investments_prior::row_not_found,לא נמצאה אף שורת 'short_term_investments' בתוך Statement role ראשי התואם לכללי ה-Role של המדד.,False
CRWD,2023-01-31,2023,current_debt,current_debt,current_debt,current_debt::zero_inference_role_not_found,current_debt = 0 לא הוסק (תנאי 2 לא הוכח): לא נמצא באופן חד-משמעי ביאור לוח פירעונות חוב (Debt Maturity Schedule) — לא ניתן לאשר תנאי 2.,True
CRWD,2023-01-31,2023,pretax_income,pretax_income,pretax_income,pretax_income::row_not_found,לא נמצאה אף שורת 'pretax_income' בתוך Statement role ראשי התואם לכללי ה-Role של המדד.,True
CRWD,2023-01-31,2023,effective_tax_rate,effective_tax_rate -> pretax_income,pretax_income,pretax_income::row_not_found,לא נמצאה אף שורת 'pretax_income' בתוך Statement role ראשי התואם לכללי ה-Role של המדד.,False
CRWD,2023-01-31,2023,total_debt,total_debt -> current_debt,current_debt,current_debt::zero_inference_role_not_found,current_debt = 0 לא הוסק (תנאי 2 לא הוכח): לא נמצא באופן חד-משמעי ביאור לוח פירעונות חוב (Debt Maturity Schedule) — לא ניתן לאשר תנאי 2.,False
CRWD,2023-01-31,2023,adjusted_net_debt,adjusted_net_debt -> total_debt -> current_debt,current_debt,current_debt::zero_inference_role_not_found,current_debt = 0 לא הוסק (תנאי 2 לא הוכח): לא נמצא באופן חד-משמעי ביאור לוח פירעונות חוב (Debt Maturity Schedule) — לא ניתן לאשר תנאי 2.,False
CRWD,2023-01-31,2023,invested_capital,invested_capital -> total_debt -> current_debt,current_debt,current_debt::zero_inference_role_not_found,current_debt = 0 לא הוסק (תנאי 2 לא הוכח): לא נמצא באופן חד-משמעי ביאור לוח פירעונות חוב (Debt Maturity Schedule) — לא ניתן לאשר תנאי 2.,False
CRWD,2023-01-31,2023,nopat,nopat -> effective_tax_rate -> pretax_income,pretax_income,pretax_income::row_not_found,לא נמצאה אף שורת 'pretax_income' בתוך Statement role ראשי התואם לכללי ה-Role של המדד.,False
CRWD,2023-01-31,2023,average_invested_capital,average_invested_capital -> invested_capital -> total_debt -> current_debt,current_debt,current_debt::zero_inference_role_not_found,current_debt = 0 לא הוסק (תנאי 2 לא הוכח): לא נמצא באופן חד-משמעי ביאור לוח פירעונות חוב (Debt Maturity Schedule) — לא ניתן לאשר תנאי 2.,False
CRWD,2023-01-31,2023,average_invested_capital,average_invested_capital -> invested_capital_prior -> total_debt_prior -> current_debt_prior,current_debt_prior,current_debt_prior::zero_inference_role_not_found,current_debt = 0 לא הוסק (תנאי 2 לא הוכח): לא נמצא באופן חד-משמעי ביאור לוח פירעונות חוב (Debt Maturity Schedule) — לא ניתן לאשר תנאי 2.,False
CRWD,2023-01-31,2023,roic,roic -> nopat -> effective_tax_rate -> pretax_income,pretax_income,pretax_income::row_not_found,לא נמצאה אף שורת 'pretax_income' בתוך Statement role ראשי התואם לכללי ה-Role של המדד.,False
CRWD,2023-01-31,2023,roic,roic -> average_invested_capital -> invested_capital -> total_debt -> current_debt,current_debt,current_debt::zero_inference_role_not_found,current_debt = 0 לא הוסק (תנאי 2 לא הוכח): לא נמצא באופן חד-משמעי ביאור לוח פירעונות חוב (Debt Maturity Schedule) — לא ניתן לאשר תנאי 2.,False
CRWD,2023-01-31,2023,roic,roic -> average_invested_capital -> invested_capital_prior -> total_debt_prior -> current_debt_prior,current_debt_prior,current_debt_prior::zero_inference_role_not_found,current_debt = 0 לא הוסק (תנאי 2 לא הוכח): לא נמצא באופן חד-משמעי ביאור לוח פירעונות חוב (Debt Maturity Schedule) — לא ניתן לאשר תנאי 2.,False
CRWD,2024-01-31,2024,current_debt,current_debt,current_debt,current_debt::zero_inference_role_not_found,current_debt = 0 לא הוסק (תנאי 2 לא הוכח): לא נמצא באופן חד-משמעי ביאור לוח פירעונות חוב (Debt Maturity Schedule) — לא ניתן לאשר תנאי 2.,True
CRWD,2024-01-31,2024,total_debt,total_debt -> current_debt,current_debt,current_debt::zero_inference_role_not_found,current_debt = 0 לא הוסק (תנאי 2 לא הוכח): לא נמצא באופן חד-משמעי ביאור לוח פירעונות חוב (Debt Maturity Schedule) — לא ניתן לאשר תנאי 2.,False
CRWD,2024-01-31,2024,adjusted_net_debt,adjusted_net_debt -> total_debt -> current_debt,current_debt,current_debt::zero_inference_role_not_found,current_debt = 0 לא הוסק (תנאי 2 לא הוכח): לא נמצא באופן חד-משמעי ביאור לוח פירעונות חוב (Debt Maturity Schedule) — לא ניתן לאשר תנאי 2.,False
CRWD,2024-01-31,2024,invested_capital,invested_capital -> total_debt -> current_debt,current_debt,current_debt::zero_inference_role_not_found,current_debt = 0 לא הוסק (תנאי 2 לא הוכח): לא נמצא באופן חד-משמעי ביאור לוח פירעונות חוב (Debt Maturity Schedule) — לא ניתן לאשר תנאי 2.,False
CRWD,2024-01-31,2024,average_invested_capital,average_invested_capital -> invested_capital -> total_debt -> current_debt,current_debt,current_debt::zero_inference_role_not_found,current_debt = 0 לא הוסק (תנאי 2 לא הוכח): לא נמצא באופן חד-משמעי ביאור לוח פירעונות חוב (Debt Maturity Schedule) — לא ניתן לאשר תנאי 2.,False
CRWD,2024-01-31,2024,average_invested_capital,average_invested_capital -> invested_capital_prior -> total_debt_prior -> current_debt_prior,current_debt_prior,current_debt_prior::zero_inference_role_not_found,current_debt = 0 לא הוסק (תנאי 2 לא הוכח): לא נמצא באופן חד-משמעי ביאור לוח פירעונות חוב (Debt Maturity Schedule) — לא ניתן לאשר תנאי 2.,False
CRWD,2024-01-31,2024,roic,roic -> average_invested_capital -> invested_capital -> total_debt -> current_debt,current_debt,current_debt::zero_inference_role_not_found,current_debt = 0 לא הוסק (תנאי 2 לא הוכח): לא נמצא באופן חד-משמעי ביאור לוח פירעונות חוב (Debt Maturity Schedule) — לא ניתן לאשר תנאי 2.,False
CRWD,2024-01-31,2024,roic,roic -> average_invested_capital -> invested_capital_prior -> total_debt_prior -> current_debt_prior,current_debt_prior,current_debt_prior::zero_inference_role_not_found,current_debt = 0 לא הוסק (תנאי 2 לא הוכח): לא נמצא באופן חד-משמעי ביאור לוח פירעונות חוב (Debt Maturity Schedule) — לא ניתן לאשר תנאי 2.,False
CRWD,2025-01-31,2025,current_debt,current_debt,current_debt,current_debt::zero_inference_role_not_found,current_debt = 0 לא הוסק (תנאי 2 לא הוכח): לא נמצא באופן חד-משמעי ביאור לוח פירעונות חוב (Debt Maturity Schedule) — לא ניתן לאשר תנאי 2.,True
CRWD,2025-01-31,2025,effective_tax_rate,effective_tax_rate,effective_tax_rate,effective_tax_rate::outside_plausible_range,"שיעור המס האפקטיבי המדווח (1.3043239080206843) מחוץ לטווח הסביר [0, 1].",True
CRWD,2025-01-31,2025,total_debt,total_debt -> current_debt,current_debt,current_debt::zero_inference_role_not_found,current_debt = 0 לא הוסק (תנאי 2 לא הוכח): לא נמצא באופן חד-משמעי ביאור לוח פירעונות חוב (Debt Maturity Schedule) — לא ניתן לאשר תנאי 2.,False
CRWD,2025-01-31,2025,adjusted_net_debt,adjusted_net_debt -> total_debt -> current_debt,current_debt,current_debt::zero_inference_role_not_found,current_debt = 0 לא הוסק (תנאי 2 לא הוכח): לא נמצא באופן חד-משמעי ביאור לוח פירעונות חוב (Debt Maturity Schedule) — לא ניתן לאשר תנאי 2.,False
CRWD,2025-01-31,2025,invested_capital,invested_capital -> total_debt -> current_debt,current_debt,current_debt::zero_inference_role_not_found,current_debt = 0 לא הוסק (תנאי 2 לא הוכח): לא נמצא באופן חד-משמעי ביאור לוח פירעונות חוב (Debt Maturity Schedule) — לא ניתן לאשר תנאי 2.,False
CRWD,2025-01-31,2025,nopat,nopat -> effective_tax_rate,effective_tax_rate,effective_tax_rate::outside_plausible_range,"שיעור המס האפקטיבי המדווח (1.3043239080206843) מחוץ לטווח הסביר [0, 1].",False
CRWD,2025-01-31,2025,average_invested_capital,average_invested_capital -> invested_capital -> total_debt -> current_debt,current_debt,current_debt::zero_inference_role_not_found,current_debt = 0 לא הוסק (תנאי 2 לא הוכח): לא נמצא באופן חד-משמעי ביאור לוח פירעונות חוב (Debt Maturity Schedule) — לא ניתן לאשר תנאי 2.,False
CRWD,2025-01-31,2025,average_invested_capital,average_invested_capital -> invested_capital_prior -> total_debt_prior -> current_debt_prior,current_debt_prior,current_debt_prior::zero_inference_role_not_found,current_debt = 0 לא הוסק (תנאי 2 לא הוכח): לא נמצא באופן חד-משמעי ביאור לוח פירעונות חוב (Debt Maturity Schedule) — לא ניתן לאשר תנאי 2.,False
CRWD,2025-01-31,2025,roic,roic -> nopat -> effective_tax_rate,effective_tax_rate,effective_tax_rate::outside_plausible_range,"שיעור המס האפקטיבי המדווח (1.3043239080206843) מחוץ לטווח הסביר [0, 1].",False
CRWD,2025-01-31,2025,roic,roic -> average_invested_capital -> invested_capital -> total_debt -> current_debt,current_debt,current_debt::zero_inference_role_not_found,current_debt = 0 לא הוסק (תנאי 2 לא הוכח): לא נמצא באופן חד-משמעי ביאור לוח פירעונות חוב (Debt Maturity Schedule) — לא ניתן לאשר תנאי 2.,False
CRWD,2025-01-31,2025,roic,roic -> average_invested_capital -> invested_capital_prior -> total_debt_prior -> current_debt_prior,current_debt_prior,current_debt_prior::zero_inference_role_not_found,current_debt = 0 לא הוסק (תנאי 2 לא הוכח): לא נמצא באופן חד-משמעי ביאור לוח פירעונות חוב (Debt Maturity Schedule) — לא ניתן לאשר תנאי 2.,False
CRWD,2026-01-31,2026,current_debt,current_debt,current_debt,current_debt::zero_inference_role_not_found,current_debt = 0 לא הוסק (תנאי 2 לא הוכח): לא נמצא באופן חד-משמעי ביאור לוח פירעונות חוב (Debt Maturity Schedule) — לא ניתן לאשר תנאי 2.,True
CRWD,2026-01-31,2026,short_term_investments,short_term_investments,short_term_investments,short_term_investments::row_not_found,לא נמצאה אף שורת 'short_term_investments' בתוך Statement role ראשי התואם לכללי ה-Role של המדד.,True
CRWD,2026-01-31,2026,effective_tax_rate,effective_tax_rate,effective_tax_rate,effective_tax_rate::pretax_income_not_positive,Pretax Income אינו חיובי (-126989000.0) — לא ניתן לחשב שיעור מס אפקטיבי מהימן.,True
CRWD,2026-01-31,2026,total_debt,total_debt -> current_debt,current_debt,current_debt::zero_inference_role_not_found,current_debt = 0 לא הוסק (תנאי 2 לא הוכח): לא נמצא באופן חד-משמעי ביאור לוח פירעונות חוב (Debt Maturity Schedule) — לא ניתן לאשר תנאי 2.,False
CRWD,2026-01-31,2026,adjusted_net_debt,adjusted_net_debt -> total_debt -> current_debt,current_debt,current_debt::zero_inference_role_not_found,current_debt = 0 לא הוסק (תנאי 2 לא הוכח): לא נמצא באופן חד-משמעי ביאור לוח פירעונות חוב (Debt Maturity Schedule) — לא ניתן לאשר תנאי 2.,False
CRWD,2026-01-31,2026,adjusted_net_debt,adjusted_net_debt -> short_term_investments,short_term_investments,short_term_investments::row_not_found,לא נמצאה אף שורת 'short_term_investments' בתוך Statement role ראשי התואם לכללי ה-Role של המדד.,False
CRWD,2026-01-31,2026,invested_capital,invested_capital -> total_debt -> current_debt,current_debt,current_debt::zero_inference_role_not_found,current_debt = 0 לא הוסק (תנאי 2 לא הוכח): לא נמצא באופן חד-משמעי ביאור לוח פירעונות חוב (Debt Maturity Schedule) — לא ניתן לאשר תנאי 2.,False
CRWD,2026-01-31,2026,invested_capital,invested_capital -> short_term_investments,short_term_investments,short_term_investments::row_not_found,לא נמצאה אף שורת 'short_term_investments' בתוך Statement role ראשי התואם לכללי ה-Role של המדד.,False
CRWD,2026-01-31,2026,nopat,nopat -> effective_tax_rate,effective_tax_rate,effective_tax_rate::pretax_income_not_positive,Pretax Income אינו חיובי (-126989000.0) — לא ניתן לחשב שיעור מס אפקטיבי מהימן.,False
CRWD,2026-01-31,2026,average_invested_capital,average_invested_capital -> invested_capital -> total_debt -> current_debt,current_debt,current_debt::zero_inference_role_not_found,current_debt = 0 לא הוסק (תנאי 2 לא הוכח): לא נמצא באופן חד-משמעי ביאור לוח פירעונות חוב (Debt Maturity Schedule) — לא ניתן לאשר תנאי 2.,False
CRWD,2026-01-31,2026,average_invested_capital,average_invested_capital -> invested_capital -> short_term_investments,short_term_investments,short_term_investments::row_not_found,לא נמצאה אף שורת 'short_term_investments' בתוך Statement role ראשי התואם לכללי ה-Role של המדד.,False
CRWD,2026-01-31,2026,average_invested_capital,average_invested_capital -> invested_capital_prior -> total_debt_prior -> current_debt_prior,current_debt_prior,current_debt_prior::zero_inference_role_not_found,current_debt = 0 לא הוסק (תנאי 2 לא הוכח): לא נמצא באופן חד-משמעי ביאור לוח פירעונות חוב (Debt Maturity Schedule) — לא ניתן לאשר תנאי 2.,False
CRWD,2026-01-31,2026,average_invested_capital,average_invested_capital -> invested_capital_prior -> short_term_investments_prior,short_term_investments_prior,short_term_investments_prior::row_not_found,לא נמצאה אף שורת 'short_term_investments' בתוך Statement role ראשי התואם לכללי ה-Role של המדד.,False
CRWD,2026-01-31,2026,roic,roic -> nopat -> effective_tax_rate,effective_tax_rate,effective_tax_rate::pretax_income_not_positive,Pretax Income אינו חיובי (-126989000.0) — לא ניתן לחשב שיעור מס אפקטיבי מהימן.,False
CRWD,2026-01-31,2026,roic,roic -> average_invested_capital -> invested_capital -> total_debt -> current_debt,current_debt,current_debt::zero_inference_role_not_found,current_debt = 0 לא הוסק (תנאי 2 לא הוכח): לא נמצא באופן חד-משמעי ביאור לוח פירעונות חוב (Debt Maturity Schedule) — לא ניתן לאשר תנאי 2.,False
CRWD,2026-01-31,2026,roic,roic -> average_invested_capital -> invested_capital -> short_term_investments,short_term_investments,short_term_investments::row_not_found,לא נמצאה אף שורת 'short_term_investments' בתוך Statement role ראשי התואם לכללי ה-Role של המדד.,False
CRWD,2026-01-31,2026,roic,roic -> average_invested_capital -> invested_capital_prior -> total_debt_prior -> current_debt_prior,current_debt_prior,current_debt_prior::zero_inference_role_not_found,current_debt = 0 לא הוסק (תנאי 2 לא הוכח): לא נמצא באופן חד-משמעי ביאור לוח פירעונות חוב (Debt Maturity Schedule) — לא ניתן לאשר תנאי 2.,False
CRWD,2026-01-31,2026,roic,roic -> average_invested_capital -> invested_capital_prior -> short_term_investments_prior,short_term_investments_prior,short_term_investments_prior::row_not_found,לא נמצאה אף שורת 'short_term_investments' בתוך Statement role ראשי התואם לכללי ה-Role של המדד.,False
PANW,2021-07-31,2021,cash_and_equivalents,cash_and_equivalents,cash_and_equivalents,cash_and_equivalents::row_ambiguous,"לא ניתן לזהות שורת 'cash_and_equivalents' יחידה וחד-משמעית.
מספר שורות מועמדות כוללות: 2, מתוכן 'attributable': 0, 'plain': 2",True
PANW,2021-07-31,2021,pretax_income,pretax_income,pretax_income,pretax_income::row_not_found,לא נמצאה אף שורת 'pretax_income' בתוך Statement role ראשי התואם לכללי ה-Role של המדד.,True
PANW,2021-07-31,2021,effective_tax_rate,effective_tax_rate -> pretax_income,pretax_income,pretax_income::row_not_found,לא נמצאה אף שורת 'pretax_income' בתוך Statement role ראשי התואם לכללי ה-Role של המדד.,False
PANW,2021-07-31,2021,adjusted_net_debt,adjusted_net_debt -> cash_and_equivalents,cash_and_equivalents,cash_and_equivalents::row_ambiguous,"לא ניתן לזהות שורת 'cash_and_equivalents' יחידה וחד-משמעית.
מספר שורות מועמדות כוללות: 2, מתוכן 'attributable': 0, 'plain': 2",False
PANW,2021-07-31,2021,invested_capital,invested_capital -> cash_and_equivalents,cash_and_equivalents,cash_and_equivalents::row_ambiguous,"לא ניתן לזהות שורת 'cash_and_equivalents' יחידה וחד-משמעית.
מספר שורות מועמדות כוללות: 2, מתוכן 'attributable': 0, 'plain': 2",False
PANW,2021-07-31,2021,nopat,nopat -> effective_tax_rate -> pretax_income,pretax_income,pretax_income::row_not_found,לא נמצאה אף שורת 'pretax_income' בתוך Statement role ראשי התואם לכללי ה-Role של המדד.,False
PANW,2021-07-31,2021,average_invested_capital,average_invested_capital -> invested_capital -> cash_and_equivalents,cash_and_equivalents,cash_and_equivalents::row_ambiguous,"לא ניתן לזהות שורת 'cash_and_equivalents' יחידה וחד-משמעית.
מספר שורות מועמדות כוללות: 2, מתוכן 'attributable': 0, 'plain': 2",False
PANW,2021-07-31,2021,average_invested_capital,average_invested_capital -> invested_capital_prior -> cash_and_equivalents_prior,cash_and_equivalents_prior,cash_and_equivalents_prior::row_ambiguous,"לא ניתן לזהות שורת 'cash_and_equivalents' יחידה וחד-משמעית.
מספר שורות מועמדות כוללות: 2, מתוכן 'attributable': 0, 'plain': 2",False
PANW,2021-07-31,2021,roic,roic -> nopat -> effective_tax_rate -> pretax_income,pretax_income,pretax_income::row_not_found,לא נמצאה אף שורת 'pretax_income' בתוך Statement role ראשי התואם לכללי ה-Role של המדד.,False
PANW,2021-07-31,2021,roic,roic -> average_invested_capital -> invested_capital -> cash_and_equivalents,cash_and_equivalents,cash_and_equivalents::row_ambiguous,"לא ניתן לזהות שורת 'cash_and_equivalents' יחידה וחד-משמעית.
מספר שורות מועמדות כוללות: 2, מתוכן 'attributable': 0, 'plain': 2",False
PANW,2021-07-31,2021,roic,roic -> average_invested_capital -> invested_capital_prior -> cash_and_equivalents_prior,cash_and_equivalents_prior,cash_and_equivalents_prior::row_ambiguous,"לא ניתן לזהות שורת 'cash_and_equivalents' יחידה וחד-משמעית.
מספר שורות מועמדות כוללות: 2, מתוכן 'attributable': 0, 'plain': 2",False
PANW,2022-07-31,2022,cash_and_equivalents,cash_and_equivalents,cash_and_equivalents,cash_and_equivalents::row_ambiguous,"לא ניתן לזהות שורת 'cash_and_equivalents' יחידה וחד-משמעית.
מספר שורות מועמדות כוללות: 2, מתוכן 'attributable': 0, 'plain': 2",True
PANW,2022-07-31,2022,pretax_income,pretax_income,pretax_income,pretax_income::row_not_found,לא נמצאה אף שורת 'pretax_income' בתוך Statement role ראשי התואם לכללי ה-Role של המדד.,True
PANW,2022-07-31,2022,effective_tax_rate,effective_tax_rate -> pretax_income,pretax_income,pretax_income::row_not_found,לא נמצאה אף שורת 'pretax_income' בתוך Statement role ראשי התואם לכללי ה-Role של המדד.,False
PANW,2022-07-31,2022,adjusted_net_debt,adjusted_net_debt -> cash_and_equivalents,cash_and_equivalents,cash_and_equivalents::row_ambiguous,"לא ניתן לזהות שורת 'cash_and_equivalents' יחידה וחד-משמעית.
מספר שורות מועמדות כוללות: 2, מתוכן 'attributable': 0, 'plain': 2",False
PANW,2022-07-31,2022,invested_capital,invested_capital -> cash_and_equivalents,cash_and_equivalents,cash_and_equivalents::row_ambiguous,"לא ניתן לזהות שורת 'cash_and_equivalents' יחידה וחד-משמעית.
מספר שורות מועמדות כוללות: 2, מתוכן 'attributable': 0, 'plain': 2",False
PANW,2022-07-31,2022,nopat,nopat -> effective_tax_rate -> pretax_income,pretax_income,pretax_income::row_not_found,לא נמצאה אף שורת 'pretax_income' בתוך Statement role ראשי התואם לכללי ה-Role של המדד.,False
PANW,2022-07-31,2022,average_invested_capital,average_invested_capital -> invested_capital -> cash_and_equivalents,cash_and_equivalents,cash_and_equivalents::row_ambiguous,"לא ניתן לזהות שורת 'cash_and_equivalents' יחידה וחד-משמעית.
מספר שורות מועמדות כוללות: 2, מתוכן 'attributable': 0, 'plain': 2",False
PANW,2022-07-31,2022,average_invested_capital,average_invested_capital -> invested_capital_prior -> cash_and_equivalents_prior,cash_and_equivalents_prior,cash_and_equivalents_prior::row_ambiguous,"לא ניתן לזהות שורת 'cash_and_equivalents' יחידה וחד-משמעית.
מספר שורות מועמדות כוללות: 2, מתוכן 'attributable': 0, 'plain': 2",False
PANW,2022-07-31,2022,roic,roic -> nopat -> effective_tax_rate -> pretax_income,pretax_income,pretax_income::row_not_found,לא נמצאה אף שורת 'pretax_income' בתוך Statement role ראשי התואם לכללי ה-Role של המדד.,False
PANW,2022-07-31,2022,roic,roic -> average_invested_capital -> invested_capital -> cash_and_equivalents,cash_and_equivalents,cash_and_equivalents::row_ambiguous,"לא ניתן לזהות שורת 'cash_and_equivalents' יחידה וחד-משמעית.
מספר שורות מועמדות כוללות: 2, מתוכן 'attributable': 0, 'plain': 2",False
PANW,2022-07-31,2022,roic,roic -> average_invested_capital -> invested_capital_prior -> cash_and_equivalents_prior,cash_and_equivalents_prior,cash_and_equivalents_prior::row_ambiguous,"לא ניתן לזהות שורת 'cash_and_equivalents' יחידה וחד-משמעית.
מספר שורות מועמדות כוללות: 2, מתוכן 'attributable': 0, 'plain': 2",False
PANW,2023-07-31,2023,cash_and_equivalents,cash_and_equivalents,cash_and_equivalents,cash_and_equivalents::row_ambiguous,"לא ניתן לזהות שורת 'cash_and_equivalents' יחידה וחד-משמעית.
מספר שורות מועמדות כוללות: 2, מתוכן 'attributable': 0, 'plain': 2",True
PANW,2023-07-31,2023,long_term_debt,long_term_debt,long_term_debt,long_term_debt::ancestry_confirmed_absent,"לא נמצאה אף שורת 'long_term_debt' בתוך Statement role ראשי התואם לכללי ה-Role של המדד, וגם לא נמצאה שורת חוב לא-שוטף מועמדת לפי שרשרת ה-Ancestor (מדיניות D-019).",True
PANW,2023-07-31,2023,total_debt,total_debt -> long_term_debt,long_term_debt,long_term_debt::ancestry_confirmed_absent,"לא נמצאה אף שורת 'long_term_debt' בתוך Statement role ראשי התואם לכללי ה-Role של המדד, וגם לא נמצאה שורת חוב לא-שוטף מועמדת לפי שרשרת ה-Ancestor (מדיניות D-019).",False
PANW,2023-07-31,2023,adjusted_net_debt,adjusted_net_debt -> total_debt -> long_term_debt,long_term_debt,long_term_debt::ancestry_confirmed_absent,"לא נמצאה אף שורת 'long_term_debt' בתוך Statement role ראשי התואם לכללי ה-Role של המדד, וגם לא נמצאה שורת חוב לא-שוטף מועמדת לפי שרשרת ה-Ancestor (מדיניות D-019).",False
PANW,2023-07-31,2023,adjusted_net_debt,adjusted_net_debt -> cash_and_equivalents,cash_and_equivalents,cash_and_equivalents::row_ambiguous,"לא ניתן לזהות שורת 'cash_and_equivalents' יחידה וחד-משמעית.
מספר שורות מועמדות כוללות: 2, מתוכן 'attributable': 0, 'plain': 2",False
PANW,2023-07-31,2023,invested_capital,invested_capital -> total_debt -> long_term_debt,long_term_debt,long_term_debt::ancestry_confirmed_absent,"לא נמצאה אף שורת 'long_term_debt' בתוך Statement role ראשי התואם לכללי ה-Role של המדד, וגם לא נמצאה שורת חוב לא-שוטף מועמדת לפי שרשרת ה-Ancestor (מדיניות D-019).",False
PANW,2023-07-31,2023,invested_capital,invested_capital -> cash_and_equivalents,cash_and_equivalents,cash_and_equivalents::row_ambiguous,"לא ניתן לזהות שורת 'cash_and_equivalents' יחידה וחד-משמעית.
מספר שורות מועמדות כוללות: 2, מתוכן 'attributable': 0, 'plain': 2",False
PANW,2023-07-31,2023,average_invested_capital,average_invested_capital -> invested_capital -> total_debt -> long_term_debt,long_term_debt,long_term_debt::ancestry_confirmed_absent,"לא נמצאה אף שורת 'long_term_debt' בתוך Statement role ראשי התואם לכללי ה-Role של המדד, וגם לא נמצאה שורת חוב לא-שוטף מועמדת לפי שרשרת ה-Ancestor (מדיניות D-019).",False
PANW,2023-07-31,2023,average_invested_capital,average_invested_capital -> invested_capital -> cash_and_equivalents,cash_and_equivalents,cash_and_equivalents::row_ambiguous,"לא ניתן לזהות שורת 'cash_and_equivalents' יחידה וחד-משמעית.
מספר שורות מועמדות כוללות: 2, מתוכן 'attributable': 0, 'plain': 2",False
PANW,2023-07-31,2023,average_invested_capital,average_invested_capital -> invested_capital_prior -> total_debt_prior -> long_term_debt_prior,long_term_debt_prior,long_term_debt_prior::ancestry_confirmed_absent,"לא נמצאה אף שורת 'long_term_debt' בתוך Statement role ראשי התואם לכללי ה-Role של המדד, וגם לא נמצאה שורת חוב לא-שוטף מועמדת לפי שרשרת ה-Ancestor (מדיניות D-019).",False
PANW,2023-07-31,2023,average_invested_capital,average_invested_capital -> invested_capital_prior -> cash_and_equivalents_prior,cash_and_equivalents_prior,cash_and_equivalents_prior::row_ambiguous,"לא ניתן לזהות שורת 'cash_and_equivalents' יחידה וחד-משמעית.
מספר שורות מועמדות כוללות: 2, מתוכן 'attributable': 0, 'plain': 2",False
PANW,2023-07-31,2023,roic,roic -> average_invested_capital -> invested_capital -> total_debt -> long_term_debt,long_term_debt,long_term_debt::ancestry_confirmed_absent,"לא נמצאה אף שורת 'long_term_debt' בתוך Statement role ראשי התואם לכללי ה-Role של המדד, וגם לא נמצאה שורת חוב לא-שוטף מועמדת לפי שרשרת ה-Ancestor (מדיניות D-019).",False
PANW,2023-07-31,2023,roic,roic -> average_invested_capital -> invested_capital -> cash_and_equivalents,cash_and_equivalents,cash_and_equivalents::row_ambiguous,"לא ניתן לזהות שורת 'cash_and_equivalents' יחידה וחד-משמעית.
מספר שורות מועמדות כוללות: 2, מתוכן 'attributable': 0, 'plain': 2",False
PANW,2023-07-31,2023,roic,roic -> average_invested_capital -> invested_capital_prior -> total_debt_prior -> long_term_debt_prior,long_term_debt_prior,long_term_debt_prior::ancestry_confirmed_absent,"לא נמצאה אף שורת 'long_term_debt' בתוך Statement role ראשי התואם לכללי ה-Role של המדד, וגם לא נמצאה שורת חוב לא-שוטף מועמדת לפי שרשרת ה-Ancestor (מדיניות D-019).",False
PANW,2023-07-31,2023,roic,roic -> average_invested_capital -> invested_capital_prior -> cash_and_equivalents_prior,cash_and_equivalents_prior,cash_and_equivalents_prior::row_ambiguous,"לא ניתן לזהות שורת 'cash_and_equivalents' יחידה וחד-משמעית.
מספר שורות מועמדות כוללות: 2, מתוכן 'attributable': 0, 'plain': 2",False
PANW,2024-07-31,2024,long_term_debt,long_term_debt,long_term_debt,long_term_debt::ancestry_confirmed_absent,"לא נמצאה אף שורת 'long_term_debt' בתוך Statement role ראשי התואם לכללי ה-Role של המדד, וגם לא נמצאה שורת חוב לא-שוטף מועמדת לפי שרשרת ה-Ancestor (מדיניות D-019).",True
PANW,2024-07-31,2024,effective_tax_rate,effective_tax_rate,effective_tax_rate,effective_tax_rate::outside_plausible_range,"שיעור המס האפקטיבי המדווח (-1.608114944854801) מחוץ לטווח הסביר [0, 1].",True
PANW,2024-07-31,2024,total_debt,total_debt -> long_term_debt,long_term_debt,long_term_debt::ancestry_confirmed_absent,"לא נמצאה אף שורת 'long_term_debt' בתוך Statement role ראשי התואם לכללי ה-Role של המדד, וגם לא נמצאה שורת חוב לא-שוטף מועמדת לפי שרשרת ה-Ancestor (מדיניות D-019).",False
PANW,2024-07-31,2024,adjusted_net_debt,adjusted_net_debt -> total_debt -> long_term_debt,long_term_debt,long_term_debt::ancestry_confirmed_absent,"לא נמצאה אף שורת 'long_term_debt' בתוך Statement role ראשי התואם לכללי ה-Role של המדד, וגם לא נמצאה שורת חוב לא-שוטף מועמדת לפי שרשרת ה-Ancestor (מדיניות D-019).",False
PANW,2024-07-31,2024,invested_capital,invested_capital -> total_debt -> long_term_debt,long_term_debt,long_term_debt::ancestry_confirmed_absent,"לא נמצאה אף שורת 'long_term_debt' בתוך Statement role ראשי התואם לכללי ה-Role של המדד, וגם לא נמצאה שורת חוב לא-שוטף מועמדת לפי שרשרת ה-Ancestor (מדיניות D-019).",False
PANW,2024-07-31,2024,nopat,nopat -> effective_tax_rate,effective_tax_rate,effective_tax_rate::outside_plausible_range,"שיעור המס האפקטיבי המדווח (-1.608114944854801) מחוץ לטווח הסביר [0, 1].",False
PANW,2024-07-31,2024,average_invested_capital,average_invested_capital -> invested_capital -> total_debt -> long_term_debt,long_term_debt,long_term_debt::ancestry_confirmed_absent,"לא נמצאה אף שורת 'long_term_debt' בתוך Statement role ראשי התואם לכללי ה-Role של המדד, וגם לא נמצאה שורת חוב לא-שוטף מועמדת לפי שרשרת ה-Ancestor (מדיניות D-019).",False
PANW,2024-07-31,2024,average_invested_capital,average_invested_capital -> invested_capital_prior -> total_debt_prior -> long_term_debt_prior,long_term_debt_prior,long_term_debt_prior::ancestry_confirmed_absent,"לא נמצאה אף שורת 'long_term_debt' בתוך Statement role ראשי התואם לכללי ה-Role של המדד, וגם לא נמצאה שורת חוב לא-שוטף מועמדת לפי שרשרת ה-Ancestor (מדיניות D-019).",False
PANW,2024-07-31,2024,roic,roic -> nopat -> effective_tax_rate,effective_tax_rate,effective_tax_rate::outside_plausible_range,"שיעור המס האפקטיבי המדווח (-1.608114944854801) מחוץ לטווח הסביר [0, 1].",False
PANW,2024-07-31,2024,roic,roic -> average_invested_capital -> invested_capital -> total_debt -> long_term_debt,long_term_debt,long_term_debt::ancestry_confirmed_absent,"לא נמצאה אף שורת 'long_term_debt' בתוך Statement role ראשי התואם לכללי ה-Role של המדד, וגם לא נמצאה שורת חוב לא-שוטף מועמדת לפי שרשרת ה-Ancestor (מדיניות D-019).",False
PANW,2024-07-31,2024,roic,roic -> average_invested_capital -> invested_capital_prior -> total_debt_prior -> long_term_debt_prior,long_term_debt_prior,long_term_debt_prior::ancestry_confirmed_absent,"לא נמצאה אף שורת 'long_term_debt' בתוך Statement role ראשי התואם לכללי ה-Role של המדד, וגם לא נמצאה שורת חוב לא-שוטף מועמדת לפי שרשרת ה-Ancestor (מדיניות D-019).",False
PANW,2025-07-31,2025,long_term_debt,long_term_debt,long_term_debt,long_term_debt::ancestry_confirmed_absent,"לא נמצאה אף שורת 'long_term_debt' בתוך Statement role ראשי התואם לכללי ה-Role של המדד, וגם לא נמצאה שורת חוב לא-שוטף מועמדת לפי שרשרת ה-Ancestor (מדיניות D-019).",True
PANW,2025-07-31,2025,total_debt,total_debt -> long_term_debt,long_term_debt,long_term_debt::ancestry_confirmed_absent,"לא נמצאה אף שורת 'long_term_debt' בתוך Statement role ראשי התואם לכללי ה-Role של המדד, וגם לא נמצאה שורת חוב לא-שוטף מועמדת לפי שרשרת ה-Ancestor (מדיניות D-019).",False
PANW,2025-07-31,2025,adjusted_net_debt,adjusted_net_debt -> total_debt -> long_term_debt,long_term_debt,long_term_debt::ancestry_confirmed_absent,"לא נמצאה אף שורת 'long_term_debt' בתוך Statement role ראשי התואם לכללי ה-Role של המדד, וגם לא נמצאה שורת חוב לא-שוטף מועמדת לפי שרשרת ה-Ancestor (מדיניות D-019).",False
PANW,2025-07-31,2025,invested_capital,invested_capital -> total_debt -> long_term_debt,long_term_debt,long_term_debt::ancestry_confirmed_absent,"לא נמצאה אף שורת 'long_term_debt' בתוך Statement role ראשי התואם לכללי ה-Role של המדד, וגם לא נמצאה שורת חוב לא-שוטף מועמדת לפי שרשרת ה-Ancestor (מדיניות D-019).",False
PANW,2025-07-31,2025,average_invested_capital,average_invested_capital -> invested_capital -> total_debt -> long_term_debt,long_term_debt,long_term_debt::ancestry_confirmed_absent,"לא נמצאה אף שורת 'long_term_debt' בתוך Statement role ראשי התואם לכללי ה-Role של המדד, וגם לא נמצאה שורת חוב לא-שוטף מועמדת לפי שרשרת ה-Ancestor (מדיניות D-019).",False
PANW,2025-07-31,2025,average_invested_capital,average_invested_capital -> invested_capital_prior -> total_debt_prior -> long_term_debt_prior,long_term_debt_prior,long_term_debt_prior::ancestry_confirmed_absent,"לא נמצאה אף שורת 'long_term_debt' בתוך Statement role ראשי התואם לכללי ה-Role של המדד, וגם לא נמצאה שורת חוב לא-שוטף מועמדת לפי שרשרת ה-Ancestor (מדיניות D-019).",False
PANW,2025-07-31,2025,roic,roic -> average_invested_capital -> invested_capital -> total_debt -> long_term_debt,long_term_debt,long_term_debt::ancestry_confirmed_absent,"לא נמצאה אף שורת 'long_term_debt' בתוך Statement role ראשי התואם לכללי ה-Role של המדד, וגם לא נמצאה שורת חוב לא-שוטף מועמדת לפי שרשרת ה-Ancestor (מדיניות D-019).",False
PANW,2025-07-31,2025,roic,roic -> average_invested_capital -> invested_capital_prior -> total_debt_prior -> long_term_debt_prior,long_term_debt_prior,long_term_debt_prior::ancestry_confirmed_absent,"לא נמצאה אף שורת 'long_term_debt' בתוך Statement role ראשי התואם לכללי ה-Role של המדד, וגם לא נמצאה שורת חוב לא-שוטף מועמדת לפי שרשרת ה-Ancestor (מדיניות D-019).",False
